Id,Label,type
author_17,Haosen Yang,author
author_19,Xiatian Zhu,author
author_21,Sixu Li,author
author_25,Pascal Sikorski,author
author_26,Kaleb Yu,author
author_27,Lucy Billadeau,author
author_28,Flavio Esposito,author
author_29,Hadi AliAkbarpour,author
author_30,Madi Babaiasl,author
author_33,Weizhu Chen,author
author_46,Jiaxin Deng,author
author_47,Dong Shen,author
author_48,Haojie Pan,author
author_49,Xiangyu Wu,author
author_50,Ximan Liu,author
author_51,Gaofeng Meng,author
author_52,Fan Yang,author
author_53,Size Li,author
author_54,Ruiji Fu,author
author_55,Zhongyuan Wang,author
author_59,Jian Liu,author
author_66,Dahun Kim,author
author_77,Xiaolong Wang,author
author_83,Hartwig Adam,author
author_87,Wayne Xin Zhao,author
author_90,Ji-Rong Wen,author
author_95,Matthew Jagielski,author
author_104,Xin Wang,author
author_114,Lei Zhang,author
author_121,Yuqing Yang,author
author_122,Han Hu,author
author_127,Hao Tan,author
author_132,Kris Kitani,author
author_137,Trevor Darrell,author
author_147,Jia Li,author
author_160,Hong Wang,author
author_163,Xifeng Yan,author
author_175,Jun Chen,author
author_176,Xiaoqian Shen,author
author_177,Xiang Li,author
author_178,Mohamed Elhoseiny,author
author_182,Xingjian Du,author
author_191,Sergei Korotkikh,author
author_200,Griffin Adams,author
author_231,Jian Cui,author
author_256,Siyuan Huang,author
author_257,Rui Yang,author
author_258,Xiaoman Pan,author
author_259,Feng Luo,author
author_260,Shuang Qiu,author
author_261,Han Zhong,author
author_262,Dong Yu,author
author_263,Jianshu Chen,author
author_281,Noah D. Goodman,author
author_286,Jacob Andreas,author
author_295,Caiming Xiong,author
author_296,Ran Xu,author
author_350,Yu Liu,author
author_354,Ameya Prabhu,author
author_355,Zhipeng Cai,author
author_356,Puneet Dokania,author
author_357,Philip Torr,author
author_358,Vladlen Koltun,author
author_359,Ozan Sener,author
author_360,Xinchen Yan,author
author_361,Jimei Yang,author
author_362,Ersin Yumer,author
author_363,Yijie Guo,author
author_364,Honglak Lee,author
author_367,Chen Li,author
author_369,Ying Shan,author
author_370,Rohan Anil,author
author_371,Andrew M. Dai,author
author_372,Orhan Firat,author
author_373,Melvin Johnson,author
author_374,Dmitry Lepikhin,author
author_375,Alexandre Passos,author
author_376,Siamak Shakeri,author
author_377,Emanuel Taropa,author
author_378,Paige Bailey,author
author_379,Zhifeng Chen,author
author_380,Eric Chu,author
author_381,Jonathan H. Clark,author
author_382,Laurent El Shafey,author
author_383,Yanping Huang,author
author_384,Kathy Meier-Hellstern,author
author_385,Gaurav Mishra,author
author_386,Erica Moreira,author
author_387,Mark Omernick,author
author_388,Kevin Robinson,author
author_389,Sebastian Ruder,author
author_390,Yi Tay,author
author_391,Kefan Xiao,author
author_392,Yuanzhong Xu,author
author_393,Yujing Zhang,author
author_394,Gustavo Hernandez Abrego,author
author_395,Junwhan Ahn,author
author_396,Jacob Austin,author
author_397,Paul Barham,author
author_398,Jan Botha,author
author_399,James Bradbury,author
author_400,Siddhartha Brahma,author
author_401,Kevin Brooks,author
author_402,Michele Catasta,author
author_403,Yong Cheng,author
author_404,Colin Cherry,author
author_405,Christopher A. Choquette-Choo,author
author_406,Aakanksha Chowdhery,author
author_407,Clément Crepy,author
author_408,Shachi Dave,author
author_409,Mostafa Dehghani,author
author_410,Sunipa Dev,author
author_411,Jacob Devlin,author
author_412,Mark Díaz,author
author_413,Nan Du,author
author_414,Ethan Dyer,author
author_415,Vlad Feinberg,author
author_416,Fangxiaoyu Feng,author
author_417,Vlad Fienber,author
author_418,Markus Freitag,author
author_419,Xavier Garcia,author
author_420,Sebastian Gehrmann,author
author_421,Lucas Gonzalez,author
author_422,Guy Gur-Ari,author
author_423,Steven Hand,author
author_424,Hadi Hashemi,author
author_425,Le Hou,author
author_426,Joshua Howland,author
author_427,Andrea Hu,author
author_428,Jeffrey Hui,author
author_429,Jeremy Hurwitz,author
author_430,Michael Isard,author
author_431,Abe Ittycheriah,author
author_432,Wenhao Jia,author
author_433,Kathleen Kenealy,author
author_434,Maxim Krikun,author
author_435,Sneha Kudugunta,author
author_436,Chang Lan,author
author_437,Katherine Lee,author
author_438,Benjamin Lee,author
author_439,Eric Li,author
author_440,Music Li,author
author_441,Wei Li,author
author_442,YaGuang Li,author
author_443,Jian Li,author
author_444,Hyeontaek Lim,author
author_445,Hanzhao Lin,author
author_446,Zhongtao Liu,author
author_447,Frederick Liu,author
author_448,Marcello Maggioni,author
author_449,Aroma Mahendru,author
author_450,Joshua Maynez,author
author_451,Vedant Misra,author
author_452,Maysam Moussalem,author
author_453,Zachary Nado,author
author_454,John Nham,author
author_455,Eric Ni,author
author_456,Andrew Nystrom,author
author_457,Alicia Parrish,author
author_458,Marie Pellat,author
author_459,Martin Polacek,author
author_460,Alex Polozov,author
author_461,Reiner Pope,author
author_462,Siyuan Qiao,author
author_463,Emily Reif,author
author_464,Bryan Richter,author
author_465,Parker Riley,author
author_466,Alex Castro Ros,author
author_467,Aurko Roy,author
author_468,Brennan Saeta,author
author_469,Rajkumar Samuel,author
author_470,Renee Shelby,author
author_471,Ambrose Slone,author
author_472,Daniel Smilkov,author
author_473,David R. So,author
author_474,Daniel Sohn,author
author_475,Simon Tokumine,author
author_476,Dasha Valter,author
author_477,Vijay Vasudevan,author
author_478,Kiran Vodrahalli,author
author_479,Xuezhi Wang,author
author_480,Pidong Wang,author
author_481,Zirui Wang,author
author_482,Tao Wang,author
author_483,John Wieting,author
author_484,Yuhuai Wu,author
author_485,Kelvin Xu,author
author_486,Yunhan Xu,author
author_487,Linting Xue,author
author_488,Pengcheng Yin,author
author_489,Jiahui Yu,author
author_490,Qiao Zhang,author
author_491,Steven Zheng,author
author_492,Ce Zheng,author
author_493,Weikang Zhou,author
author_494,Denny Zhou,author
author_495,Slav Petrov,author
author_496,Yonghui Wu,author
author_499,Tianqi Liu,author
author_508,Percy Liang,author
author_514,Tao Ge,author
author_522,Wei-Ning Hsu,author
author_530,Jianfeng Gao,author
author_542,Yang Liu,author
author_545,Xuansong Xie,author
author_557,Tushar Khot,author
author_570,Jieyi Long,author
author_571,Yuxuan Xue,author
author_574,Gerard Pons-Moll,author
author_584,Dong Zhang,author
author_585,Shimin Li,author
author_586,Xin Zhang,author
author_587,Jun Zhan,author
author_588,Pengyu Wang,author
author_589,Yaqian Zhou,author
author_590,Xipeng Qiu,author
author_602,Zhe Gan,author
author_604,Lijuan Wang,author
author_610,Stefano Ermon,author
author_619,Weixi Feng,author
author_620,Tsu-Jui Fu,author
author_621,Varun Jampani,author
author_624,Sugato Basu,author
author_625,William Yang Wang,author
author_629,Chenchen Zhu,author
author_630,Fanyi Xiao,author
author_631,Ping Luo,author
author_632,Saining Xie,author
author_638,Peter West,author
author_639,Chris Quirk,author
author_640,Michel Galley,author
author_641,Yejin Choi,author
author_647,Jiang Bian,author
author_676,Yuqi Zhang,author
author_677,Min Zhang,author
author_679,Ziyi Yang,author
author_680,Chenguang Zhu,author
author_681,Michael Zeng,author
author_682,Mohit Bansal,author
author_690,Shenghao Li,author
author_708,Pengfei Liu,author
author_718,Yutaka Matsuo,author
author_720,Shixiang Shane Gu,author
author_722,Ronak Pradeep,author
author_723,Kai Hui,author
author_724,Jai Gupta,author
author_725,Adam D. Lelkes,author
author_726,Honglei Zhuang,author
author_727,Jimmy Lin,author
author_728,Donald Metzler,author
author_729,Vinh Q. Tran,author
author_742,Ming-Wei Chang,author
author_786,Volodymyr Kuleshov,author
author_793,Zhiyuan Liu,author
author_794,Maosong Sun,author
author_801,Alisa Liu,author
author_802,Noah A. Smith,author
author_822,Wangchunshu Zhou,author
author_839,Yi Yang,author
author_870,Asli Celikyilmaz,author
author_881,Lidong Bing,author
author_890,Guang Chen,author
author_892,Jun Wang,author
author_898,Shuohang Wang,author
author_905,Forrest Iandola,author
author_908,Qiang Liu,author
author_909,Zhangyang Wang,author
author_910,Vikas Chandra,author
author_914,Song-Chun Zhu,author
author_917,Eric Wallace,author
author_920,Hao Liu,author
author_921,Pieter Abbeel,author
author_944,Zhen Yang,author
author_952,Ruibo Liu,author
author_955,Ge Zhang,author
author_956,Diyi Yang,author
author_962,Samuel R. Bowman,author
author_967,Jie Fu,author
author_1014,Basil Mustafa,author
author_1050,Liwei Jiang,author
author_1051,Faeze Brahman,author
author_1052,Ximing Lu,author
author_1061,Jianwei Yang,author
author_1068,Rui Zhao,author
author_1075,Mike Zheng Shou,author
author_1090,Nanyun Peng,author
author_1121,Xihui Liu,author
author_1131,Xizhou Zhu,author
author_1133,Hao Tian,author
author_1139,Lewei Lu,author
author_1141,Yu Qiao,author
author_1143,Jifeng Dai,author
author_1160,Yunhe Wang,author
author_1161,Chang Xu,author
author_1163,Chao Xu,author
author_1170,Qian Wang,author
author_1181,Yukun Huang,author
author_1192,Min Ma,author
author_1193,Yuma Koizumi,author
author_1194,Shigeki Karita,author
author_1195,Heiga Zen,author
author_1196,Jason Riesa,author
author_1197,Haruko Ishikawa,author
author_1198,Michiel Bacchiani,author
author_1231,Aaron Courville,author
author_1233,Rishabh Agarwal,author
author_1240,Ryan Liu,author
author_1242,Lijie Fan,author
author_1243,Dilip Krishnan,author
author_1244,Phillip Isola,author
author_1245,Dina Katabi,author
author_1246,Yonglong Tian,author
author_1252,Hongwen Zhang,author
author_1268,Rui Wang,author
author_1269,Junliang Guo,author
author_1274,Chandra Bhagavatula,author
author_1276,Jena D. Hwang,author
author_1277,Xiang Lorraine Li,author
author_1282,Gabriel Nicholas,author
author_1283,Aliya Bhatia,author
author_1284,Yanyu Li,author
author_1288,Yanzhi Wang,author
author_1289,Sergey Tulyakov,author
author_1290,Jian Ren,author
author_1296,Weiyu Li,author
author_1297,Xuelin Chen,author
author_1308,Menghan Xia,author
author_1311,Yingqing He,author
author_1315,Xintao Wang,author
author_1327,Chenyang Qi,author
author_1332,Yue Wang,author
author_1346,Hao Li,author
author_1353,Chuang Gan,author
author_1358,Arindam Mitra,author
author_1362,Ahmed Awadallah,author
author_1375,Zhen Qin,author
author_1378,Michael Bendersky,author
author_1381,Ke Li,author
author_1384,Weijia Shi,author
author_1386,Alane Suhr,author
author_1389,Hannaneh Hajishirzi,author
author_1404,Lionel Wong,author
author_1408,Joshua B. Tenenbaum,author
author_1411,Wenda Li,author
author_1412,Adrian Weller,author
author_1416,Matteo Pagliardini,author
author_1417,Daniele Paliotta,author
author_1418,Martin Jaggi,author
author_1419,François Fleuret,author
author_1437,Hongsheng Li,author
author_1440,Jindong Gu,author
author_1442,Volker Tresp,author
author_1452,Yufei Xu,author
author_1454,Jing Zhang,author
author_1455,Dacheng Tao,author
author_1459,Xiao Han,author
author_1461,Kai Han,author
author_1462,Jiankang Deng,author
author_1466,Seung-Bin Kim,author
author_1467,Sang-Hoon Lee,author
author_1468,Seong-Whan Lee,author
author_1481,Zechun Liu,author
author_1485,Raghuraman Krishnamoorthi,author
author_1496,Stella Biderman,author
author_1518,Dingkang Liang,author
author_1523,Xiang Bai,author
author_1529,Yew Ken Chia,author
author_1531,Deepanway Ghosal,author
author_1532,Soujanya Poria,author
author_1562,Xu Sun,author
author_1577,Jun Zhang,author
author_1595,Yue Zhang,author
author_1597,Yizhong Wang,author
author_1600,Jack Hessel,author
author_1622,Yuanzhen Li,author
author_1623,Michael Rubinstein,author
author_1632,Dongdong Chen,author
author_1633,Jianmin Bao,author
author_1636,Lu Yuan,author
author_1657,Aleksander Holynski,author
author_1666,Jiachen Li,author
author_1673,Manel Baradad,author
author_1674,Forrester Cole,author
author_1675,Antonio Torralba,author
author_1676,William T. Freeman,author
author_1694,Yanghao Li,author
author_1731,Mengdi Xu,author
author_1734,Ding Zhao,author
author_1754,Tao Ye,author
author_1776,Zeju Qiu,author
author_1777,Weiyang Liu,author
author_1778,Haiwen Feng,author
author_1779,Yao Feng,author
author_1780,Zhen Liu,author
author_1781,Dan Zhang,author
author_1782,Bernhard Schölkopf,author
author_1813,Ziwei Liu,author
author_1816,Jian Liang,author
author_1834,Peng Zhang,author
author_1835,Yuxiao Dong,author
author_1836,Jie Tang,author
author_1839,Neil Houlsby,author
author_1841,Hexiang Hu,author
author_1868,Dian Yu,author
author_1875,Aaron Gokaslan,author
author_1879,Timo Bolkart,author
author_1880,Tianye Li,author
author_1881,Michael J. Black,author
author_1909,Difei Gao,author
author_1912,Kevin Qinghong Lin,author
author_1913,Joya Chen,author
author_1919,Yang Yang,author
author_1933,Jian Yang,author
author_1935,Xiu Li,author
author_1971,Nikhil Singh,author
author_1989,Xiaofeng Yang,author
author_1999,Yang Chen,author
author_2000,Yi Luan,author
author_2001,Haitian Sun,author
author_2002,Soravit Changpinyo,author
author_2003,Alan Ritter,author
author_2030,Kai Zhang,author
author_2032,Wenhu Chen,author
author_2041,Zilong Lin,author
author_2042,Xiaojing Liao,author
author_2043,XiaoFeng Wang,author
author_2047,Shuo Chen,author
author_2055,Stefan Wermter,author
author_2060,Lukas Glaszner,author
author_2061,Martin Zach,author
author_2064,Jordi Pons,author
author_2079,Yuxiang Yang,author
author_2080,Guanya Shi,author
author_2081,Xiangyun Meng,author
author_2082,Wenhao Yu,author
author_2083,Tingnan Zhang,author
author_2084,Jie Tan,author
author_2085,Byron Boots,author
author_2089,Yuanzhi Li,author
author_2090,Sébastien Bubeck,author
author_2091,Ronen Eldan,author
author_2092,Allie Del Giorno,author
author_2093,Suriya Gunasekar,author
author_2094,Yin Tat Lee,author
author_2104,Dan Xu,author
author_2109,Disha Shrivastava,author
author_2110,Denis Kocetkov,author
author_2111,Harm de Vries,author
author_2112,Dzmitry Bahdanau,author
author_2113,Torsten Scholak,author
author_2115,Feng Liu,author
author_2131,Zhihong Shao,author
author_2154,Zheng Zhang,author
author_2157,Gabriel Grand,author
author_2158,Alexander K. Lew,author
author_2159,Vikash K. Mansinghka,author
author_2164,Alessandro Sordoni,author
author_2167,Arian Hosseini,author
author_2176,Di Wang,author
author_2182,Esin Durmus,author
author_2195,Muzammal Naseer,author
author_2210,Yaojie Lu,author
author_2213,Hongyu Lin,author
author_2214,Fei Huang,author
author_2216,Xianpei Han,author
author_2238,Xin Chen,author
author_2240,Jingyi Yu,author
author_2242,Tao Chen,author
author_2246,Chaoning Zhang,author
author_2247,Dongshen Han,author
author_2248,Jung Uk Kim,author
author_2249,Sung-Ho Bae,author
author_2250,Seungkyu Lee,author
author_2251,Choong Seon Hong,author
author_2270,Furong Huang,author
author_2275,Martial Hebert,author
author_2280,Peng Gao,author
author_2284,Yuki Noguchi,author
author_2285,Tatsuya Matsushima,author
author_2317,Qun Liu,author
author_2325,Xiaodong Gu,author
author_2328,Xiaochuang Han,author
author_2329,Daniel Simig,author
author_2330,Todor Mihaylov,author
author_2331,Yulia Tsvetkov,author
author_2332,Tianlu Wang,author
author_2373,Karina Nguyen,author
author_2375,Nicholas Schiefer,author
author_2378,Carol Chen,author
author_2379,Zac Hatfield-Dodds,author
author_2380,Danny Hernandez,author
author_2381,Nicholas Joseph,author
author_2383,Sam McCandlish,author
author_2387,Jared Kaplan,author
author_2409,Zexiang Xu,author
author_2419,Pei Cheng,author
author_2420,Bin Fu,author
author_2422,Priyanka Agrawal,author
author_2428,Han Zhang,author
author_2432,Changyi Lin,author
author_2440,Haihao Shen,author
author_2476,Stan Sclaroff,author
author_2477,Kate Saenko,author
author_2484,Qihang Yu,author
author_2486,Liang-Chieh Chen,author
author_2496,Yi Xu,author
author_2523,Chelsea Finn,author
author_2543,Nanning Zheng,author
author_2546,Navonil Majumder,author
author_2561,Fei Xia,author
author_2572,Ruihang Chu,author
author_2585,Yueh-Hua Wu,author
author_2586,Masashi Hamaya,author
author_2587,Yao Mu,author
author_2588,Qinglong Zhang,author
author_2589,Mengkang Hu,author
author_2590,Wenhai Wang,author
author_2591,Mingyu Ding,author
author_2592,Jun Jin,author
author_2593,Bin Wang,author
author_2608,Da Pan,author
author_2611,Weipeng Chen,author
author_2612,Zenan Zhou,author
author_2613,Guosheng Dong,author
author_2614,Bin Cui,author
author_2615,Wentao Zhang,author
author_2616,Yuan Gong,author
author_2617,Sameer Khurana,author
author_2618,Leonid Karlinsky,author
author_2619,James Glass,author
author_2625,Jan-Philipp Fränken,author
author_2630,Waseem AlShikh,author
author_2631,Manhal Daaboul,author
author_2632,Kirk Goddard,author
author_2633,Brock Imel,author
author_2634,Kiran Kamble,author
author_2635,Parikshith Kulkarni,author
author_2636,Melisa Russak,author
author_2644,Jason D. Lee,author
author_2669,Yuwei Guo,author
author_2673,Yaohui Wang,author
author_2675,Dahua Lin,author
author_2699,Hang Yan,author
author_2700,Tao Gui,author
author_2701,Qi Zhang,author
author_2702,Xuanjing Huang,author
author_2710,Daniel McDuff,author
author_2745,Wei Yang,author
author_2757,Shiqi Yang,author
author_2761,Xuxin Cheng,author
author_2773,Aliaksandr Siarohin,author
author_2775,Chaoyang Wang,author
author_2780,Alexei A. Efros,author
author_2792,Zhaoyang Lv,author
author_2793,Shiwei Wu,author
author_2794,Chenan Song,author
author_2795,Jia-Wei Liu,author
author_2796,Ziteng Gao,author
author_2797,Dongxing Mao,author
author_2811,Zhihao Zhang,author
author_2835,Jianguo Zhang,author
author_2848,Xuming He,author
author_2862,Tian Lan,author
author_2863,Deng Cai,author
author_2864,Yan Wang,author
author_2865,Heyan Huang,author
author_2866,Xian-Ling Mao,author
author_2873,Jane Pan,author
author_2874,Tianyu Gao,author
author_2875,Howard Chen,author
author_2876,Danqi Chen,author
author_2887,Jilong Xue,author
author_2897,Tao Zhang,author
author_2911,Haoyu Zhao,author
author_2912,Wenhang Ge,author
author_2913,Ying-cong Chen,author
author_2915,Shiyang Li,author
author_2917,Hai Wang,author
author_2922,Tianyi Zhou,author
author_2940,Xingyi Zhou,author
author_2970,Anh Nguyen,author
author_2971,Ettore Randazzo,author
author_2972,Alexander Mordvintsev,author
author_2987,Kun Qian,author
author_2996,Tongshuang Wu,author
author_2997,Haiyi Zhu,author
author_2998,Maya Albayrak,author
author_2999,Alexis Axon,author
author_3000,Amanda Bertsch,author
author_3001,Wenxing Deng,author
author_3002,Ziqi Ding,author
author_3003,Bill Guo,author
author_3004,Sireesh Gururaja,author
author_3005,Tzu-Sheng Kuo,author
author_3006,Jenny T. Liang,author
author_3007,Ihita Mandal,author
author_3008,Jeremiah Milbauer,author
author_3009,Xiaolin Ni,author
author_3010,Namrata Padmanabhan,author
author_3011,Subhashini Ramkumar,author
author_3012,Alexis Sudjianto,author
author_3013,Jordan Taylor,author
author_3014,Ying-Jui Tseng,author
author_3015,Patricia Vaidos,author
author_3016,Zhijin Wu,author
author_3017,Wei Wu,author
author_3018,Chenyang Yang,author
author_3019,Wei Cheng,author
author_3023,Keyu Chen,author
author_3026,Zhongang Cai,author
author_3028,Yang Gao,author
author_3032,Lei Yang,author
author_3033,Chen Qian,author
author_3034,Wayne Wu,author
author_3057,Seonghyeon Ye,author
author_3060,Seungone Kim,author
author_3064,Haoran Zhang,author
author_3065,Aparna Balagopalan,author
author_3066,Nassim Oufattole,author
author_3067,Hyewon Jeong,author
author_3068,Yan Wu,author
author_3069,Jiacheng Zhu,author
author_3070,Marzyeh Ghassemi,author
author_3076,Ziyuan Luo,author
author_3077,Qing Guo,author
author_3078,Ka Chun Cheung,author
author_3079,Simon See,author
author_3080,Renjie Wan,author
author_3090,Zhiyang Xu,author
author_3091,Ying Shen,author
author_3092,Parisa Kordjamshidi,author
author_3093,Lifu Huang,author
author_3105,Ansh Radhakrishnan,author
author_3106,Anna Chen,author
author_3107,Carson Denison,author
author_3108,Evan Hubinger,author
author_3109,Jackson Kernion,author
author_3110,Kamilė Lukošiūtė,author
author_3111,Newton Cheng,author
author_3112,Oliver Rausch,author
author_3113,Sheer El Showk,author
author_3114,Tamera Lanham,author
author_3115,Tim Maxwell,author
author_3116,Venkatesa Chandrasekaran,author
author_3117,Jan Brauner,author
author_3118,Ethan Perez,author
author_3145,Hailin Hu,author
author_3147,Reuben Tan,author
author_3150,Bryan A. Plummer,author
author_3183,Lucas Dixon,author
author_3229,Tao Tu,author
author_3230,Shekoofeh Azizi,author
author_3232,Mike Schaekermann,author
author_3237,Ryutaro Tanno,author
author_3242,Philip Mansfield,author
author_3244,Renee Wong,author
author_3246,Christopher Semturs,author
author_3248,Bradley Green,author
author_3249,Ewa Dominowska,author
author_3251,Joelle Barral,author
author_3252,Dale Webster,author
author_3254,Yossi Matias,author
author_3256,Alan Karthikesalingam,author
author_3257,Vivek Natarajan,author
author_3305,Ruobing Xie,author
author_3308,Yuxuan Liu,author
author_3309,Wenyuan Li,author
author_3310,Laizhong Cui,author
author_3311,Hailiang Yang,author
author_3322,Samuel Marks,author
author_3394,Rada Mihalcea,author
author_3397,Jason Martin,author
author_3398,Kenneth Yeung,author
author_3430,Florian Bordes,author
author_3436,Pierre Fernandez,author
author_3437,Antoine Chaffin,author
author_3438,Karim Tit,author
author_3439,Vivien Chappelier,author
author_3440,Teddy Furon,author
author_3443,Olatunji Ruwase,author
author_3445,Xiaoxia Wu,author
author_3446,Ammar Ahmad Awan,author
author_3452,Michael Wyatt,author
author_3454,Lev Kurilenko,author
author_3455,Heyang Qin,author
author_3456,Masahiro Tanaka,author
author_3461,Yifan Yang,author
author_3469,Rongyao Fang,author
author_3486,Chang Zhou,author
author_3506,Yutong Lin,author
author_3507,Yuhui Yuan,author
author_3530,Xueqing Deng,author
author_3531,Xiaohui Shen,author
author_3560,Daniel Toyama,author
author_3571,Oriol Vinyals,author
author_3607,Xingyu Zeng,author
author_3612,Wenqi Shao,author
author_3626,Rui Chen,author
author_3652,Yanqing Liu,author
author_3654,Sheng Zhao,author
author_3658,Jerry Wei,author
author_3670,Sewon Min,author
author_3671,Suchin Gururangan,author
author_3672,Luke Zettlemoyer,author
author_3675,Yao Yao,author
author_3681,Benjamin Spector,author
author_3682,Chris Re,author
author_3696,Hao Cheng,author
author_3710,Sanja Fidler,author
author_3791,Hu Ye,author
author_3792,Sibo Liu,author
author_3799,Jialin Wu,author
author_3801,Zhouxia Wang,author
author_3808,Jiebo Luo,author
author_3813,Graham Neubig,author
author_3825,Qingyan Bai,author
author_3828,Qifeng Chen,author
author_3832,Bo Wang,author
author_3839,Zhe Li,author
author_3923,Jiaming Li,author
author_3924,Yunshui Li,author
author_3925,Ziqiang Liu,author
author_3926,yuelin bai,author
author_3927,Run Luo,author
author_3928,Longze Chen,author
author_3929,Min Yang,author
author_3930,Neha Sengupta,author
author_3931,Sunil Kumar Sahu,author
author_3932,Bokang Jia,author
author_3933,Satheesh Katipomu,author
author_3934,Haonan Li,author
author_3935,Fajri Koto,author
author_3936,William Marshall,author
author_3937,Gurpreet Gosal,author
author_3938,Cynthia Liu,author
author_3939,Zhiming Chen,author
author_3940,Osama Mohammed Afzal,author
author_3941,Samta Kamboj,author
author_3942,Onkar Pandit,author
author_3943,Rahul Pal,author
author_3944,Lalit Pradhan,author
author_3945,Zain Muhammad Mujahid,author
author_3946,Massa Baali,author
author_3947,Xudong Han,author
author_3948,Sondos Mahmoud Bsharat,author
author_3949,Alham Fikri Aji,author
author_3950,Zhiqiang Shen,author
author_3951,Zhengzhong Liu,author
author_3952,Natalia Vassilieva,author
author_3953,Joel Hestness,author
author_3954,Andy Hock,author
author_3955,Andrew Feldman,author
author_3956,Jonathan Lee,author
author_3957,Andrew Jackson,author
author_3958,Hector Xuguang Ren,author
author_3959,Preslav Nakov,author
author_3960,Timothy Baldwin,author
author_3961,Eric Xing,author
author_3986,Tianyu Li,author
author_4006,Bei Chen,author
author_4014,Li Erran Li,author
author_4024,Zican Dong,author
author_4025,Junyi Li,author
author_4026,Xin Men,author
author_4027,Bingbing Wang,author
author_4028,Zhen Tian,author
author_4051,Renrui Zhang,author
author_4055,Jiaming Han,author
author_4057,Telmo Pessoa Pires,author
author_4058,António V. Lopes,author
author_4059,Yannick Assogba,author
author_4060,Hendra Setiawan,author
author_4068,Ming Yan,author
author_4069,Weizhou Shen,author
author_4070,Haiyang Xu,author
author_4077,Ji Zhang,author
author_4082,Kalyan Sunkavalli,author
author_4084,Michael Santacroce,author
author_4085,Yadong Lu,author
author_4086,Han Yu,author
author_4087,Yelong Shen,author
author_4182,Linfeng Song,author
author_4183,Haitao Mi,author
author_4184,Baolin Peng,author
author_4196,Chong Luo,author
author_4200,Bo Zhang,author
author_4205,Dong Chen,author
author_4246,Ruiyi Zhang,author
author_4247,Li Zhang,author
author_4256,Erik Daxberger,author
author_4257,Floris Weers,author
author_4258,Bowen Zhang,author
author_4259,Tom Gunter,author
author_4260,Ruoming Pang,author
author_4261,Marcin Eichner,author
author_4262,Michael Emmersberger,author
author_4263,Yinfei Yang,author
author_4264,Alexander Toshev,author
author_4265,Xianzhi Du,author
author_4278,Ke Xu,author
author_4289,Sara Hooker,author
author_4296,Wenhua Cheng,author
author_4297,Weiwei Zhang,author
author_4298,Yiyang Cai,author
author_4299,Xin He,author
author_4300,Kaokao Lv,author
author_4301,Yi Liu,author
author_4307,Xinyi Wang,author
author_4349,Marc Pollefeys,author
author_4411,Qian Zhao,author
author_4426,Yujiu Yang,author
author_4448,Chien Van Nguyen,author
author_4451,Nghia Trung Ngo,author
author_4452,Franck Dernoncourt,author
author_4453,Ryan A. Rossi,author
author_4454,Thien Huu Nguyen,author
author_4456,William W. Cohen,author
author_4465,Aiyuan Yang,author
author_4466,Bin Xiao,author
author_4467,Bingning Wang,author
author_4468,Borong Zhang,author
author_4469,Ce Bian,author
author_4470,Chao Yin,author
author_4471,Chenxu Lv,author
author_4472,Dian Wang,author
author_4473,Dong Yan,author
author_4474,Fei Deng,author
author_4475,Feng Wang,author
author_4476,Guangwei Ai,author
author_4477,Haizhou Zhao,author
author_4478,Hang Xu,author
author_4479,Haoze Sun,author
author_4480,Hongda Zhang,author
author_4481,Hui Liu,author
author_4482,Jiaming Ji,author
author_4483,Jian Xie,author
author_4484,JunTao Dai,author
author_4485,Kun Fang,author
author_4486,Lei Su,author
author_4487,Liang Song,author
author_4488,Lifeng Liu,author
author_4489,Liyun Ru,author
author_4490,Luyao Ma,author
author_4491,Mang Wang,author
author_4492,Mickel Liu,author
author_4493,MingAn Lin,author
author_4494,Nuolan Nie,author
author_4495,Peidong Guo,author
author_4496,Ruiyang Sun,author
author_4497,Tianpeng Li,author
author_4498,Xiangrong Zeng,author
author_4499,Xiaochuan Wang,author
author_4500,Xiaoxi Chen,author
author_4501,Xin Yu,author
author_4502,Xuehai Pan,author
author_4503,Yanjun Shen,author
author_4504,Yiding Wang,author
author_4505,Yiyu Li,author
author_4506,Youxin Jiang,author
author_4507,Yuchen Gao,author
author_4508,Yupeng Zhang,author
author_4509,Zhiying Wu,author
author_4515,Zecheng Tang,author
author_4516,Juntao Li,author
author_4525,Ye Tian,author
author_4559,Hu Xu,author
author_4586,Yuyang Ding,author
author_4587,Pinzheng Wang,author
author_4588,Pei Guo,author
author_4589,Wangjie You,author
author_4590,Dan Qiao,author
author_4591,Wenliang Chen,author
author_4592,Guohong Fu,author
author_4593,Qiaoming Zhu,author
author_4594,Guodong Zhou,author
author_4601,Chenyang Si,author
author_4602,Ziqi Huang,author
author_4603,Yuming Jiang,author
author_4614,Liang Zhao,author
author_4617,Haoran Wei,author
author_4635,Tong Yu,author
author_4636,Sungchul Kim,author
author_4650,Zhixin Shu,author
author_4651,Fujun Luan,author
author_4652,Sai Bi,author
author_4658,Jianyuan Guo,author
author_4660,Yehui Tang,author
author_4683,Joyce Chai,author
author_4738,Liang-Yan Gui,author
author_4739,Yu-Xiong Wang,author
author_4761,Mor Geva,author
author_4762,Sam Ade Jacobs,author
author_4775,Besmira Nushi,author
author_4787,Yue Zhao,author
author_4811,Zhang Chen,author
author_4812,Zhong Li,author
author_4826,Hiteshi Sharma,author
author_4834,Jiahao Wang,author
author_4840,Alan Yuille,author
author_4842,Xiaodong Liu,author
author_4860,Binyuan Hui,author
author_4863,Junyang Lin,author
author_4901,Po-Yao Huang,author
author_4903,Shang-Wen Li,author
author_4905,Ari Seff,author
author_4906,Brian Cera,author
author_4907,Dian Chen,author
author_4908,Mason Ng,author
author_4909,Aurick Zhou,author
author_4910,Nigamaa Nayakanti,author
author_4911,Khaled S. Refaat,author
author_4912,Rami Al-Rfou,author
author_4913,Benjamin Sapp,author
author_4924,Xinyue Zhang,author
author_4925,Nikita Janakarajan,author
author_4926,Tim Erdmann,author
author_4927,Sarath Swaminathan,author
author_4928,Teodoro Laino,author
author_4929,Jannis Born,author
author_4930,Aaron Ray,author
author_4931,Christopher Bradley,author
author_4932,Luca Carlone,author
author_4933,Nicholas Roy,author
author_4937,Zhibo Chen,author
author_4939,Mengzhao Chen,author
author_4941,Songyang Zhang,author
author_4943,Yong Liu,author
author_4957,Zhivar Sourati,author
author_4958,Filip Ilievski,author
author_4959,Pia Sommerauer,author
author_4960,Yifan Jiang,author
author_4964,Bo Li,author
author_4966,Zehui Chen,author
author_4967,Kuikun Liu,author
author_4969,Wenwei Zhang,author
author_4970,Jiangning Liu,author
author_4971,Kai Chen,author
author_4983,Matei Zaharia,author
author_5000,Xin Liu,author
author_5019,Guillaume Lajoie,author
author_5038,Maosong Cao,author
author_5048,Shuai Liu,author
author_5090,Gang Li,author
author_5093,Yang Li,author
author_5180,Christopher Gorman,author
author_5181,Gustavo Chávez,author
author_5182,Pieter Ghysels,author
author_5183,Théo Mary,author
author_5184,François-Henry Rouet,author
author_5185,Xiaoye Sherry Li,author
author_5189,Hongjin Qian,author
author_5190,Zhicheng Dou,author
author_5191,Yutao Zhu,author
author_5192,Yueyuan Ma,author
author_5206,Jiaheng Liu,author
author_5221,Tianyu He,author
author_5222,Xinhua Cheng,author
author_5224,Yu Li,author
author_5226,Li Yuan,author
author_5230,Josef Dai,author
author_5231,Xinbo Xu,author
author_5232,Yizhou Wang,author
author_5233,Yaodong Yang,author
author_5257,Rafael Rafailov,author
author_5280,Zhihan Zhang,author
author_5281,Yichong Xu,author
author_5282,Dan Iter,author
author_5283,Qingkai Zeng,author
author_5284,Meng Jiang,author
author_5295,Peide Huang,author
author_5296,Shiqi Liu,author
author_5297,Xilun Zhang,author
author_5298,Yaru Niu,author
author_5313,Pan Zhou,author
author_5314,Shuicheng Yan,author
author_5331,Jitendra Malik,author
author_5354,Karsten Kreis,author
author_5390,Swaroop Mishra,author
author_5475,Ruili Feng,author
author_5476,Zhantao Yang,author
author_5477,Jie Xiao,author
author_5478,Zhilei Shu,author
author_5479,Zhiheng Liu,author
author_5480,Andy Zheng,author
author_5481,Hongyang Zhang,author
author_5499,Tri Dao,author
author_5516,Zhaoyang Liu,author
author_5517,Zeqiang Lai,author
author_5518,Zhangwei Gao,author
author_5519,Erfei Cui,author
author_5520,Ziheng Li,author
author_5558,Wai Lam,author
author_5566,Zhangyang Qi,author
author_5567,Ye Fang,author
author_5568,Mengchen Zhang,author
author_5569,Zeyi Sun,author
author_5570,Tong Wu,author
author_5571,Jiaqi Wang,author
author_5572,Hengshuang Zhao,author
author_5574,Chien-Yu Lin,author
author_5614,Zeqi Lin,author
author_5622,Mark Ibrahim,author
author_5637,Xinyuan Chen,author
author_5638,Lingjun Zhang,author
author_5639,Shaobin Zhuang,author
author_5640,Xin Ma,author
author_5641,Jiashuo Yu,author
author_5642,Yali Wang,author
author_5654,Shuming Shi,author
author_5671,Desmond Elliott,author
author_5673,Yichi Zhang,author
author_5674,Jiayi Pan,author
author_5675,Yuchen Zhou,author
author_5676,Rui Pan,author
author_5708,Carl Yang,author
author_5710,Yuxin Wang,author
author_5724,Leshem Choshen,author
author_5735,Fengzhe Zhou,author
author_5746,Liyuan Liu,author
author_5784,Jiabo Ye,author
author_5828,Ao Zhang,author
author_5829,Yuan Yao,author
author_5831,Tat-Seng Chua,author
author_5861,Jiasen Lu,author
author_5862,Christopher Clark,author
author_5864,Aniruddha Kembhavi,author
author_5889,Junheng Hao,author
author_5892,Songyou Peng,author
author_5896,AJ Piergiovanni,author
author_5897,Isaac Noble,author
author_5898,Michael S. Ryoo,author
author_5899,Victor Gomes,author
author_5900,Anelia Angelova,author
author_5902,Liangzhe Yuan,author
author_5933,Ziyi Lin,author
author_5934,Chris Liu,author
author_5935,Longtian Qiu,author
author_5936,Han Xiao,author
author_5937,Han Qiu,author
author_5938,Chen Lin,author
author_5939,Keqin Chen,author
author_5944,Vasilisa Bashlovkina,author
author_5945,Zhaobin Kuang,author
author_5946,Riley Matthews,author
author_5947,Edward Clifford,author
author_5948,Yennie Jun,author
author_5949,Simon Baumgartner,author
author_5997,Wenting Zhao,author
author_5998,Justin T Chiu,author
author_5999,Sanjiban Choudhury,author
author_6032,Zhisheng Xiao,author
author_6033,Tingbo Hou,author
author_6094,David Bau,author
author_6138,Corby Rosset,author
author_6140,Xiaodan Liang,author
author_6142,Eric P. Xing,author
author_6168,Yixun Liang,author
author_6176,Yun Wang,author
author_6188,Liefeng Bo,author
author_6196,Joanna Materzynska,author
author_6214,Yong Yang,author
author_6257,Miaomiao Cui,author
author_6281,Hidehisa Arai,author
author_6282,Keita Miwa,author
author_6283,Kento Sasaki,author
author_6284,Yu Yamaguchi,author
author_6312,Tianyu Yu,author
author_6313,Haoye Zhang,author
author_6314,Taiwen He,author
author_6315,Yifeng Han,author
author_6316,Ganqu Cui,author
author_6317,Jinyi Hu,author
author_6318,Hai-Tao Zheng,author
author_6330,Chi Zhang,author
author_6337,Zuozhuo Dai,author
author_6340,Siyu Zhu,author
author_6403,Chuanchen Luo,author
author_6406,Qing Li,author
author_6407,Junran Peng,author
author_6417,Xingchao Liu,author
author_6420,Chong Ruan,author
author_6427,Liao Wang,author
author_6428,Kaixin Yao,author
author_6429,Chengcheng Guo,author
author_6430,Zhirui Zhang,author
author_6431,Qiang Hu,author
author_6432,Lan Xu,author
author_6433,Minye Wu,author
author_6492,Daniel Cremers,author
author_6493,Wenjie Xuan,author
author_6494,Shanshan Zhao,author
author_6495,Chaoyue Wang,author
author_6496,Juhua Liu,author
author_6497,Bo Du,author
author_6500,Kfir Aberman,author
author_6532,Xu Shi,author
author_6533,Wei Yao,author
author_6534,Yunlian Sun,author
author_6555,Pan Zhang,author
author_6556,Yuhang Zang,author
author_6571,Ziyang Yuan,author
author_6572,Tianshui Chen,author
author_6573,Nuo Chen,author
author_6587,Yue Ma,author
author_6614,Ming-Ming Cheng,author
author_6641,Shiwei Zhang,author
author_6644,Yingya Zhang,author
author_6646,Kaifeng Chen,author
author_6694,Ronan Le Bras,author
author_6695,Sean Welleck,author
author_6704,Lijun Yu,author
author_6709,Raviteja Anantha,author
author_6723,Zacharie Delpierre Coudert,author
author_6770,Ethan Chern,author
author_6781,Junbum Cha,author
author_6782,Wooyoung Kang,author
author_6783,Jonghwan Mun,author
author_6784,Byungseok Roh,author
author_6790,Salman Khan,author
author_6834,Markus Schedl,author
author_6835,Christine Bauer,author
author_6837,Dominik Kowald,author
author_6838,Elisabeth Lex,author
author_6854,Zongxin Yang,author
author_6874,Deepak Ramachandran,author
author_6916,Yifeng Ma,author
author_6917,Jiayu Wang,author
author_6918,Xiang Wang,author
author_6919,Zhidong Deng,author
author_6924,Senmao Li,author
author_6925,Taihang Hu,author
author_6926,Joost van de Weijer,author
author_6927,Fahad Shahbaz Khan,author
author_6928,Tao Liu,author
author_6929,Linxuan Li,author
author_6930,Yaxing Wang,author
author_6953,Haibin He,author
author_6963,Zhen Han,author
author_6967,Shalini De Mello,author
author_6968,Koki Nagano,author
author_6970,Umar Iqbal,author
author_6990,Xing Sun,author
author_6998,Xirui Li,author
author_7000,Xiaokang Yang,author
author_7044,Qichen Fu,author
author_7045,Thomas Merth,author
author_7046,Karren Yang,author
author_7047,Anurag Ranjan,author
author_7060,Long Zhao,author
author_7061,Chun-Te Chu,author
author_7062,Hui Miao,author
author_7063,Florian Schroff,author
author_7064,Ting Liu,author
author_7065,Boqing Gong,author
author_7066,Philipp Krähenbühl,author
author_7135,Fangjinhua Wang,author
author_7165,Jianye Hao,author
author_7167,Qiuhong Shen,author
author_7169,Xinchao Wang,author
author_7170,Kai Nylund,author
author_7176,Desai Xie,author
author_7177,Xin Sun,author
author_7178,Yi Zhou,author
author_7179,Sören Pirk,author
author_7198,Ming Li,author
author_7209,Weiwen Xu,author
author_7210,Zhisong Zhang,author
author_7220,Xidong Feng,author
author_7221,Jiacheng Liu,author
author_7279,Conghui He,author
author_7286,Xiaoyu Xiang,author
author_7330,Jianqiang Ren,author
author_7331,Chao He,author
author_7332,Lin Liu,author
author_7333,Jiahao Chen,author
author_7334,Yutong Wang,author
author_7335,Yafei Song,author
author_7336,Jianfang Li,author
author_7337,Tangli Xue,author
author_7338,Siqi Hu,author
author_7339,Kunkun Zheng,author
author_7340,Jianjing Xiang,author
author_7344,Michel Olvera,author
author_7345,Paraskevas Stamatiadis,author
author_7346,Slim Essid,author
author_7366,Sangho Lee,author
author_7367,Zichen Zhang,author
author_7368,Savya Khosla,author
author_7369,Ryan Marten,author
author_7370,Derek Hoiem,author
author_7371,Dantong Niu,author
author_7372,Xudong Wang,author
author_7373,Xinyang Han,author
author_7374,Long Lian,author
author_7375,Roei Herzig,author
author_7394,Juyong Zhang,author
author_7398,Zhan Li,author
author_7408,Towaki Takikawa,author
author_7417,Biwen Lei,author
author_7418,Siddhartha Datta,author
author_7419,Alexander Ku,author
author_7420,Peter Anderson,author
author_7421,Zheng Ding,author
author_7422,Xuaner Zhang,author
author_7423,Zhuowen Tu,author
author_7424,Zhihao Xia,author
author_7428,Hanting Chen,author
author_7429,Tianyu Guo,author
author_7430,Ying Nie,author
author_7431,Xutao Wang,author
author_7432,Zheyuan Bai,author
author_7433,Fangcheng Liu,author
author_7434,Zhicheng Liu,author
author_7435,Sinan Zeng,author
author_7436,Yinchen Zhang,author
author_7437,Qinghua Xu,author
author_7438,Jun Yao,author
author_7449,Chenyan Xiong,author
author_7450,Jun Zhao,author
author_7451,Luhui Gao,author
author_7453,Jacob Portes,author
author_7455,Jonathan Frankle,author
author_7469,Wanxiang Che,author
author_7472,Jaemin Cho,author
author_7509,Weinan Zhang,author
author_7516,David Lannes,author
author_7517,Lisl Weynans,author
author_7518,Yifang Men,author
author_7519,Zhouhui Lian,author
author_7550,Takaaki Saeki,author
author_7551,Shinnosuke Takamichi,author
author_7552,Hiroshi Saruwatari,author
author_7590,Zipeng Fu,author
author_7592,Giovanni Campagna,author
author_7593,Silei Xu,author
author_7594,Mehrad Moradshahi,author
author_7595,Richard Socher,author
author_7596,Monica S. Lam,author
author_7597,Alex Trevithick,author
author_7598,Matthew Chan,author
author_7599,Manmohan Chandraker,author
author_7600,Ravi Ramamoorthi,author
author_7616,Ling Yang,author
author_7619,Zhilong Zhang,author
author_7637,Tao Xie,author
author_7641,:,author
author_7646,Damai Dai,author
author_7652,Huazuo Gao,author
author_7657,Daya Guo,author
author_7671,Bo Liu,author
author_7708,Chenggang Zhao,author
author_7711,Qihao Zhu,author
author_7713,Qianqian Xie,author
author_7714,Jimin Huang,author
author_7842,Bo Peng,author
author_7862,Jing Ma,author
author_7882,Asma Ghandeharioun,author
author_7883,Avi Caciularu,author
author_7884,Adam Pearce,author
author_7887,Yihua Zhang,author
author_7890,Sijia Liu,author
author_7912,Young Jin Kim,author
author_7915,Chenchen Zhang,author
author_7936,Svitlana Vakulenko,author
author_7937,Shayne Longpre,author
author_7938,Zhucheng Tu,author
author_7940,Wenhao Zhan,author
author_7950,Arash Bakhtiari,author
author_7954,Yifan Wang,author
author_7955,Brian L. Curless,author
author_7956,Steven M. Seitz,author
author_7986,Ce Liu,author
author_8009,Boyi Li,author
author_8010,Junming Chen,author
author_8011,Jathushan Rajasegaran,author
author_8012,Yossi Gandelsman,author
author_8038,Puneet Mathur,author
author_8046,Kang Zhu,author
author_8052,Yizhi Li,author
author_8053,Yudong Liu,author
author_8057,Wenhao Huang,author
author_8066,Enrico Shippole,author
author_8081,Amirmojtaba Sabour,author
author_8102,Tatiana Lopez-Guevara,author
author_8103,Yulia Rubanova,author
author_8104,William F. Whitney,author
author_8105,Tobias Pfaff,author
author_8106,Kimberly Stachenfeld,author
author_8107,Kelsey R. Allen,author
author_8197,Zheyu Yan,author
author_8198,Yifan Qin,author
author_8199,Xiaobo Sharon Hu,author
author_8200,Yiyu Shi,author
author_8201,Zhuang Liu,author
author_8204,Xiangyu Yue,author
author_8274,Qixuan Zhang,author
author_8275,Dafei Qin,author
author_8277,Longwen Zhang,author
author_8278,Junyang Wang,author
author_8279,Jitao Sang,author
author_8291,Daphne Ippolito,author
author_8343,Yushi Bai,author
author_8344,Xin Lv,author
author_8345,Jiajie Zhang,author
author_8346,Yuze He,author
author_8347,Ji Qi,author
author_8348,Lei Hou,author
author_8349,Juanzi Li,author
author_8392,Niklas Muennighoff,author
author_8403,Benoît Sagot,author
author_8404,Rachel Bawden,author
author_8422,Adam Mahdi,author
author_8456,Simon Gabay,author
author_8457,Pedro Ortiz Suarez,author
author_8458,Alexandre Bartz,author
author_8459,Alix Chagué,author
author_8460,Philippe Gambette,author
author_8507,Fan Zhang,author
author_8565,Natasha Butt,author
author_8566,Blazej Manczak,author
author_8567,Auke Wiggers,author
author_8568,Corrado Rainone,author
author_8569,David W. Zhang,author
author_8570,Michaël Defferrard,author
author_8571,Taco Cohen,author
author_8574,Zach Evans,author
author_8575,CJ Carr,author
author_8576,Josiah Taylor,author
author_8580,Abhimanyu Rajeshkumar Bambhaniya,author
author_8581,Amir Yazdanbakhsh,author
author_8582,Suvinay Subramanian,author
author_8583,Sheng-Chun Kao,author
author_8584,Shivani Agrawal,author
author_8585,Utku Evci,author
author_8586,Tushar Krishna,author
author_8590,Xing Han Lù,author
author_8591,Zdeněk Kasner,author
author_8592,Siva Reddy,author
author_8656,Deividas Mataciunas,author
author_8670,Vu Minh Chien,author
author_8673,Max Bartolo,author
author_8675,Huaiyuan Ying,author
author_8676,Shuo Zhang,author
author_8677,Linyang Li,author
author_8679,Yunfan Shao,author
author_8680,Zhaoye Fei,author
author_8682,Jiawei Hong,author
author_8683,Ziyi Wang,author
author_8684,Yudong Wang,author
author_8686,Shuaibin Li,author
author_8687,Hongwei Liu,author
author_8688,Zhenglin Zhou,author
author_8689,Fan Ma,author
author_8690,Hehe Fan,author
author_8691,Siming Yan,author
author_8692,Min Bai,author
author_8693,Weifeng Chen,author
author_8694,Xiong Zhou,author
author_8695,Qixing Huang,author
author_8711,Louis Castricato,author
author_8712,Nathan Lile,author
author_8714,Hailey Schoelkopf,author
author_8722,Xiyao Wang,author
author_8745,Paulina Stevia Nouwou Mindom,author
author_8746,Amin Nikanjam,author
author_8747,Foutse Khomh,author
author_8754,Wei Liu,author
author_8768,Naoyuki Kanda,author
author_8769,Xiaofei Wang,author
author_8770,Sefik Emre Eskimez,author
author_8771,Manthan Thakker,author
author_8772,Hemin Yang,author
author_8773,Zirun Zhu,author
author_8774,Min Tang,author
author_8775,Canrun Li,author
author_8776,Chung-Hsien Tsai,author
author_8777,Zhen Xiao,author
author_8778,Yufei Xia,author
author_8779,Jinzhu Li,author
author_8823,Mateusz Łajszczak,author
author_8824,Guillermo Cámbara,author
author_8825,Fatih Beyhan,author
author_8826,Arent van Korlaar,author
author_8827,Arnaud Joly,author
author_8828,Álvaro Martín-Cortinas,author
author_8829,Ammar Abbas,author
author_8830,Adam Michalski,author
author_8831,Alexis Moinet,author
author_8832,Sri Karlapati,author
author_8833,Ewa Muszyńska,author
author_8834,Haohan Guo,author
author_8835,Bartosz Putrycz,author
author_8836,Soledad López Gambino,author
author_8837,Kayeon Yoo,author
author_8838,Elena Sokolova,author
author_8839,Thomas Drugman,author
author_8840,Wilson Yan,author
author_8901,Amit Sheth,author
author_8902,Vishal Pallagani,author
author_8903,Kaushik Roy,author
author_8917,Aibek Alanov,author
author_8918,Xinyao Niu,author
author_8919,Xiang Yue,author
author_8923,Kai Li,author
author_8967,Zekun Li,author
author_9023,Andreas Geiger,author
author_9033,Yu Wang,author
author_9039,Yeganeh Kordi,author
author_9040,Daniel Khashabi,author
author_9042,Yunze Man,author
author_9043,Shuhong Zheng,author
author_9044,Zhipeng Bao,author
author_9071,Haotian Zhang,author
author_9080,Minkai Xu,author
author_9083,Li Lyna Zhang,author
author_9086,Ning Shang,author
author_9087,Jiahang Xu,author
author_9118,Willi Menapace,author
author_9119,Ivan Skorokhodov,author
author_9120,Ekaterina Deyneka,author
author_9121,Tsai-Shien Chen,author
author_9122,Anil Kag,author
author_9123,Yuwei Fang,author
author_9124,Aleksei Stoliar,author
author_9125,Elisa Ricci,author
author_9127,Luyang Liu,author
author_9135,Robin Hesse,author
author_9136,Simone Schaub-Meyer,author
author_9137,Stefan Roth,author
author_9154,Hisham Cholakal,author
author_9155,Rao M. Anwer,author
author_9156,Tim Baldwin,author
author_9157,Michael Felsberg,author
author_9165,Tsubasa Takahashi,author
author_9302,Ziheng Jiang,author
author_9303,Haibin Lin,author
author_9304,Yinmin Zhong,author
author_9305,Qi Huang,author
author_9306,Yangrui Chen,author
author_9307,Zhi Zhang,author
author_9308,Yanghua Peng,author
author_9309,Cong Xie,author
author_9310,Shibiao Nong,author
author_9311,Yulu Jia,author
author_9312,Sun He,author
author_9313,Hongmin Chen,author
author_9314,Zhihao Bai,author
author_9315,Qi Hou,author
author_9316,Shipeng Yan,author
author_9317,Ding Zhou,author
author_9318,Yiyao Sheng,author
author_9319,Zhuo Jiang,author
author_9320,Haohan Xu,author
author_9321,Zhang Zhang,author
author_9322,Pengfei Nie,author
author_9323,Leqi Zou,author
author_9324,Sida Zhao,author
author_9325,Liang Xiang,author
author_9326,Zherui Liu,author
author_9327,Xiaoying Jia,author
author_9328,Jianxi Ye,author
author_9329,Xin Jin,author
author_9330,Li Niu,author
author_9339,Omkar Thawakar,author
author_9340,Ashmal Vayani,author
author_9347,Haiyao Xiao,author
author_9348,Chenglai Zhong,author
author_9349,Xuan Gao,author
author_9350,Yudong Guo,author
author_9372,Yazhou Xing,author
author_9373,Zeyue Tian,author
author_9375,Ben Poole,author
author_9398,Younes Belkada,author
author_9403,Jian Zhu,author
author_9410,Manan Dey,author
author_9438,Albert Gu,author
author_9450,Hsin-Ying Lee,author
author_9496,Quentin Garrido,author
author_9549,Jie Wu,author
author_9581,Decheng Wu,author
author_9582,Kai Liu,author
author_9583,Jianchen Zhu,author
author_9584,Zhanhui Kang,author
author_9616,Mingyu Xu,author
author_9617,Qingyu Zhang,author
author_9626,Yair Schiff,author
author_9627,Chia-Hsiang Kao,author
author_9634,01. AI,author
author_9635,Alex Young,author
author_9636,Chao Li,author
author_9637,Chengen Huang,author
author_9638,Guanwei Zhang,author
author_9639,Guoyin Wang,author
author_9640,Heng Li,author
author_9641,Jiangcheng Zhu,author
author_9642,Jianqun Chen,author
author_9643,Jing Chang,author
author_9644,Kaidong Yu,author
author_9645,Peng Liu,author
author_9646,Shawn Yue,author
author_9647,Senbin Yang,author
author_9648,Shiming Yang,author
author_9649,Wen Xie,author
author_9650,Xiaohui Hu,author
author_9651,Xiaoyi Ren,author
author_9652,Pengcheng Nie,author
author_9653,Yanpeng Li,author
author_9654,Yuchi Xu,author
author_9655,Yuxuan Cai,author
author_9656,Zhenyu Gu,author
author_9657,Zonghong Dai,author
author_9669,Ziqi Jiang,author
author_9670,Zhen Wang,author
author_9671,Long Chen,author
author_9679,Yuanhao Cai,author
author_9681,Yulun Zhang,author
author_9786,Quentin Anthony,author
author_9788,Eugene Belilovsky,author
author_9816,Hao Zhu,author
author_9819,Kevin Klyman,author
author_9837,Yuhe Ding,author
author_9838,Bo Jiang,author
author_9839,Aihua Zheng,author
author_9840,Qin Xu,author
author_9841,Hongfa Wang,author
author_9842,Andong Wang,author
author_9843,Chengfei Cai,author
author_9844,Zhifeng Li,author
author_9845,Heung-Yeung Shum,author
author_9859,Kun Wang,author
author_9892,Vedran Vukotic,author
author_9893,Christian Raymond,author
author_9894,Guillaume Gravier,author
author_9896,Tao Huang,author
author_9897,Xiaohuan Pei,author
author_9898,Shan You,author
author_9899,Fei Wang,author
author_9905,Hengxing Cai,author
author_9906,Xiaochen Cai,author
author_9907,Shuwen Yang,author
author_9908,Jiankun Wang,author
author_9909,Lin Yao,author
author_9910,Zhifeng Gao,author
author_9911,Junhan Chang,author
author_9912,Sihang Li,author
author_9913,Mingjun Xu,author
author_9914,Changxin Wang,author
author_9915,Hongshuai Wang,author
author_9916,Yongge Li,author
author_9917,Mujie Lin,author
author_9918,Yaqi Li,author
author_9919,Yuqi Yin,author
author_9920,Linfeng Zhang,author
author_9921,Guolin Ke,author
author_10024,Julian Chibane,author
author_10073,Hao Jiang,author
author_10076,Chaoqiang Zhao,author
author_10077,Qiyu Sun,author
author_10078,Chongzhen Zhang,author
author_10079,Yang Tang,author
author_10080,Feng Qian,author
author_10125,Zike Wu,author
author_10126,Xuanyu Yi,author
author_10127,Hanwang Zhang,author
author_10149,Shenhao Zhu,author
author_10150,Junming Leo Chen,author
author_10151,Qingkun Su,author
author_10152,Yinghui Xu,author
author_10153,Xun Cao,author
author_10174,Alessandro B. Palmarini,author
author_10175,Christopher G. Lucas,author
author_10176,N. Siddharth,author
author_10188,Junyuan Hong,author
author_10198,Bhavya Kailkhura,author
author_10219,Yang Cao,author
author_10223,Zheng Cai,author
author_10224,Haojiong Chen,author
author_10225,Xun Chen,author
author_10226,Zhi Chen,author
author_10227,Pei Chu,author
author_10228,Xiaoyi Dong,author
author_10229,Haodong Duan,author
author_10230,Qi Fan,author
author_10231,Jiaye Ge,author
author_10232,Chenya Gu,author
author_10233,Yuzhe Gu,author
author_10234,Aijia Guo,author
author_10235,Qipeng Guo,author
author_10236,Yingfan Hu,author
author_10237,Ting Huang,author
author_10238,Tao Jiang,author
author_10239,Penglong Jiao,author
author_10240,Zhenjiang Jin,author
author_10241,Zhikai Lei,author
author_10242,Jiaxing Li,author
author_10243,Jingwen Li,author
author_10244,Yining Li,author
author_10245,Kaiwen Liu,author
author_10246,Xiaoran Liu,author
author_10247,Chengqi Lv,author
author_10248,Haijun Lv,author
author_10249,Kai Lv,author
author_10250,Li Ma,author
author_10251,Runyuan Ma,author
author_10252,Zerun Ma,author
author_10253,Wenchang Ning,author
author_10254,Linke Ouyang,author
author_10255,Jiantao Qiu,author
author_10256,Yuan Qu,author
author_10257,Fukai Shang,author
author_10258,Demin Song,author
author_10259,Zifan Song,author
author_10260,Zhihao Sui,author
author_10261,Peng Sun,author
author_10262,Yu Sun,author
author_10263,Huanze Tang,author
author_10264,Guoteng Wang,author
author_10265,Xingjian Wei,author
author_10266,Qizhen Weng,author
author_10267,Fan Wu,author
author_10268,Yingtong Xiong,author
author_10269,Ruiliang Xu,author
author_10270,Yirong Yan,author
author_10271,Xiaogui Yang,author
author_10272,Haochen Ye,author
author_10273,Jia Yu,author
author_10274,Jing Yu,author
author_10275,Chuyu Zhang,author
author_10276,Ruijie Zhang,author
author_10277,Wenjian Zhang,author
author_10278,Xingcheng Zhang,author
author_10279,Hui Zhao,author
author_10280,Xiaomeng Zhao,author
author_10281,Zaida Zhou,author
author_10282,Jingming Zhuo,author
author_10283,Yicheng Zou,author
author_10289,Adina Williams,author
author_10343,Yerlan Idelbayev,author
author_10387,Libo Qin,author
author_10388,Qiguang Chen,author
author_10389,Yuhang Zhou,author
author_10390,Yinghui Li,author
author_10391,Lizi Liao,author
author_10392,Min Li,author
author_10393,Philip S. Yu,author
author_10820,Adrian Bulat,author
author_10821,Georgios Tzimiropoulos,author
author_10870,Bailan He,author
author_10871,Zifeng Ding,author
author_10872,Wenqian Yu,author
author_10889,Owen Oertell,author
author_10890,Jonathan D. Chang,author
author_10892,Kianté Brantley,author
author_10893,Wen Sun,author
author_10899,Haofei Xu,author
author_10900,Hermann Blum,author
author_10901,Daniel Barath,author
author_10910,Shenghai Yuan,author
author_10911,Jinfa Huang,author
author_10912,Yujun Shi,author
author_10913,Yongqi Xu,author
author_10914,Ruijie Zhu,author
author_10956,Ivan Oseledets,author
author_10959,Daniel Goldstein,author
author_10960,Alon Albalak,author
author_10961,Eric Alcaide,author
author_10962,Eugene Cheah,author
author_10963,Teddy Ferdinan,author
author_10964,Haowen Hou,author
author_10965,Przemysław Kazienko,author
author_10966,Kranthi Kiran GV,author
author_10967,Jan Kocoń,author
author_10968,Bartłomiej Koptyra,author
author_10969,Satyapriya Krishna,author
author_10970,Ronald McClelland Jr.,author
author_10971,Jiaju Lin,author
author_10972,Fares Obeid,author
author_10973,Atsushi Saito,author
author_10974,Guangyu Song,author
author_10975,Haoqin Tu,author
author_10976,Cahya Wirawan,author
author_10977,Stanisław Woźniak,author
author_10978,Ruichong Zhang,author
author_10979,Bingchen Zhao,author
author_10980,Qihang Zhao,author
author_10981,Peng Zhou,author
author_10982,Rui-Jie Zhu,author
author_10983,Yuhang Cao,author
author_11042,Fangyu Liu,author
author_11043,Chenglei Si,author
author_11044,Yanzhe Zhang,author
author_11045,Jinmeng Rao,author
author_11046,Daiyi Peng,author
author_11088,Dipendra Misra,author
author_11112,Chia-Yu Hung,author
author_11129,Zhongweiyang Xu,author
author_11130,Debottam Dutta,author
author_11131,Yu-Lin Wei,author
author_11132,Romit Roy Choudhury,author
author_11169,Bertie Vidgen,author
author_11170,Adarsh Agrawal,author
author_11171,Ahmed M. Ahmed,author
author_11172,Victor Akinwande,author
author_11173,Namir Al-Nuaimi,author
author_11174,Najla Alfaraj,author
author_11175,Elie Alhajjar,author
author_11176,Lora Aroyo,author
author_11177,Trupti Bavalatti,author
author_11178,Borhane Blili-Hamelin,author
author_11179,Kurt Bollacker,author
author_11180,Rishi Bomassani,author
author_11181,Marisa Ferrara Boston,author
author_11182,Siméon Campos,author
author_11183,Kal Chakra,author
author_11184,Canyu Chen,author
author_11185,Cody Coleman,author
author_11186,Leon Derczynski,author
author_11187,Debojyoti Dutta,author
author_11188,Ian Eisenberg,author
author_11189,James Ezick,author
author_11190,Heather Frase,author
author_11191,Brian Fuller,author
author_11192,Ram Gandikota,author
author_11193,Agasthya Gangavarapu,author
author_11194,Ananya Gangavarapu,author
author_11195,James Gealy,author
author_11196,Rajat Ghosh,author
author_11197,James Goel,author
author_11198,Usman Gohar,author
author_11199,Sujata Goswami,author
author_11200,Scott A. Hale,author
author_11201,Wiebke Hutiri,author
author_11202,Joseph Marvin Imperial,author
author_11203,Surgan Jandial,author
author_11204,Nick Judd,author
author_11205,Felix Juefei-Xu,author
author_11206,Hannah Rose Kirk,author
author_11207,Chris Knotz,author
author_11208,Michael Kuchnik,author
author_11209,Shachi H. Kumar,author
author_11210,Srijan Kumar,author
author_11211,Chris Lengerich,author
author_11212,Zeyi Liao,author
author_11213,Eileen Peters Long,author
author_11214,Victor Lu,author
author_11215,Sarah Luger,author
author_11216,Yifan Mai,author
author_11217,Priyanka Mary Mammen,author
author_11218,Kelvin Manyeki,author
author_11219,Sean McGregor,author
author_11220,Virendra Mehta,author
author_11221,Shafee Mohammed,author
author_11222,Emanuel Moss,author
author_11223,Lama Nachman,author
author_11224,Dinesh Jinenhally Naganna,author
author_11225,Luis Oala,author
author_11226,Iftach Orr,author
author_11227,Cigdem Patlak,author
author_11228,William Pietri,author
author_11229,Forough Poursabzi-Sangdeh,author
author_11230,Eleonora Presani,author
author_11231,Fabrizio Puletti,author
author_11232,Paul Röttger,author
author_11233,Saurav Sahay,author
author_11234,Tim Santos,author
author_11235,Nino Scherrer,author
author_11236,Alice Schoenauer Sebag,author
author_11237,Patrick Schramowski,author
author_11238,Abolfazl Shahbazi,author
author_11239,Vin Sharma,author
author_11240,Xudong Shen,author
author_11241,Vamsi Sistla,author
author_11242,Leonard Tang,author
author_11243,Davide Testuggine,author
author_11244,Vithursan Thangarasa,author
author_11245,Elizabeth Anne Watkins,author
author_11246,Rebecca Weiss,author
author_11247,Chris Welty,author
author_11248,Tyler Wilbers,author
author_11249,Carole-Jean Wu,author
author_11250,Poonam Yadav,author
author_11251,Xianjun Yang,author
author_11252,Yi Zeng,author
author_11253,Wenhui Zhang,author
author_11254,Fedor Zhdanov,author
author_11255,Peter Mattson,author
author_11256,Joaquin Vanschoren,author
author_11267,Bo Ji,author
author_11268,Angela Yao,author
author_11273,Marah Abdin,author
author_11274,Jyoti Aneja,author
author_11275,Hany Awadalla,author
author_11276,Nguyen Bach,author
author_11277,Amit Bahree,author
author_11278,Harkirat Behl,author
author_11279,Alon Benhaim,author
author_11280,Misha Bilenko,author
author_11281,Johan Bjorck,author
author_11282,Martin Cai,author
author_11283,Qin Cai,author
author_11284,Vishrav Chaudhary,author
author_11285,Yen-Chun Chen,author
author_11286,Yi-Ling Chen,author
author_11287,Parul Chopra,author
author_11288,Xiyang Dai,author
author_11289,Matthew Dixon,author
author_11290,Victor Fragoso,author
author_11291,Mei Gao,author
author_11292,Min Gao,author
author_11293,Amit Garg,author
author_11294,Abhishek Goswami,author
author_11295,Emman Haider,author
author_11296,Russell J. Hewett,author
author_11297,Wenxiang Hu,author
author_11298,Jamie Huynh,author
author_11299,Mojan Javaheripi,author
author_11300,Nikos Karampatziakis,author
author_11301,Piero Kauffmann,author
author_11302,Mahoud Khademi,author
author_11303,Dongwoo Kim,author
author_11304,James R. Lee,author
author_11305,Yunsheng Li,author
author_11306,Chen Liang,author
author_11307,Lars Liden,author
author_11308,Xihui Lin,author
author_11309,Mengchen Liu,author
author_11310,Weishung Liu,author
author_11311,Piyush Madan,author
author_11312,Ali Mahmoudzadeh,author
author_11313,David Majercak,author
author_11314,Matt Mazzola,author
author_11315,Caio César Teodoro Mendes,author
author_11316,Hardik Modi,author
author_11317,Brandon Norick,author
author_11318,Barun Patra,author
author_11319,Daniel Perez-Becker,author
author_11320,Thomas Portet,author
author_11321,Reid Pryzant,author
author_11322,Marko Radmilac,author
author_11323,Liliang Ren,author
author_11324,Gustavo de Rosa,author
author_11325,Sambudha Roy,author
author_11326,Olli Saarikivi,author
author_11327,Amin Saied,author
author_11328,Adil Salim,author
author_11329,Shital Shah,author
author_11330,Swadheen Shukla,author
author_11331,Xia Song,author
author_11332,Andrea Tupini,author
author_11333,Praneetha Vaddamanu,author
author_11334,Chunyu Wang,author
author_11335,Guanhua Wang,author
author_11336,Rachel Ward,author
author_11337,Wen Wen,author
author_11338,Philipp Witte,author
author_11339,Haiping Wu,author
author_11340,Can Xu,author
author_11341,Weijian Xu,author
author_11342,Sonali Yadav,author
author_11343,Donghan Yu,author
author_11344,Chenruidong Zhang,author
author_11345,Cyril Zhang,author
author_11346,Jianwen Zhang,author
author_11347,Yi Zhang,author
author_11348,Yunan Zhang,author
author_11349,Xiren Zhou,author
author_11357,Kai Xiao,author
author_11358,Reimar Leike,author
author_11359,Lilian Weng,author
author_11360,Johannes Heidecke,author
author_11361,Alex Beutel,author
author_11362,Orcun Yildiz,author
author_11363,Tom Peterka,author
author_11378,Peter Muellner,author
author_11379,Eva Zangerle,author
author_11380,Chenyang Zhu,author
author_11381,Chunming He,author
author_11416,Jiawei Ma,author
author_11417,Shih-Fu Chang,author
author_11418,Wen-Tau Yih,author
author_11500,Khaled Saab,author
author_11501,Wei-Hung Weng,author
author_11502,David Stutz,author
author_11503,Ellery Wulczyn,author
author_11504,Tim Strother,author
author_11505,Chunjong Park,author
author_11506,Elahe Vedadi,author
author_11507,Juanma Zambrano Chaves,author
author_11508,Szu-Yeu Hu,author
author_11509,Aishwarya Kamath,author
author_11510,David G. T. Barrett,author
author_11511,Cathy Cheung,author
author_11512,Anil Palepu,author
author_11513,Tomer Golany,author
author_11514,Jean-baptiste Alayrac,author
author_11515,Nenad Tomasev,author
author_11516,Jan Freyberg,author
author_11517,Charles Lau,author
author_11518,Jonas Kemp,author
author_11519,Jeremy Lai,author
author_11520,Kimberly Kanada,author
author_11521,SiWai Man,author
author_11522,Kavita Kulkarni,author
author_11523,Ruoxi Sun,author
author_11524,Luheng He,author
author_11525,Ben Caine,author
author_11526,Albert Webson,author
author_11527,Natasha Latysheva,author
author_11528,Jian Lu,author
author_11529,Ehud Rivlin,author
author_11530,Jesper Anderson,author
author_11531,Jonathan Krause,author
author_11532,Jonathon Shlens,author
author_11533,S. M. Ali Eslami,author
author_11534,Katherine Chou,author
author_11535,Claire Cui,author
author_11536,Koray Kavukcuoglu,author
author_11537,James Manyika,author
author_11538,Jeff Dean,author
author_11539,Demis Hassabis,author
author_11540,Greg Corrado,author
author_11541,S. Sara Mahdavi,author
author_11542,Juraj Gottweis,author
author_11570,Peitian Zhang,author
author_11572,Zheng Liu,author
author_11619,Yifei Zhang,author
author_11621,Jian Zhao,author
author_11752,Emilian Postolache,author
author_11753,Natalia Polouliakh,author
author_11754,Hiroaki Kitano,author
author_11755,Akima Connelly,author
author_11756,Emanuele Rodolà,author
author_11757,Luca Cosmo,author
author_11758,Taketo Akama,author
author_11773,Dan Biderman,author
author_11774,Jose Javier Gonzalez Ortiz,author
author_11775,Mansheej Paul,author
author_11776,Philip Greengard,author
author_11777,Connor Jennings,author
author_11778,Daniel King,author
author_11779,Sam Havens,author
author_11780,Vitaliy Chiley,author
author_11781,Cody Blakeney,author
author_11782,John P. Cunningham,author
author_11793,Xiang Gao,author
author_11794,Yingjie Tian,author
author_11812,Jiayi Yuan,author
author_11870,Huajian Xin,author
author_11871,Zhizhou Ren,author
author_11921,Liwen Wu,author
author_11922,Iliyan Georgiev,author
author_11950,Jiarui Liu,author
author_11951,Ping Tan,author
author_11952,Xiaoxiao Long,author
author_11962,Zihao Xiao,author
author_11963,Minghan Qin,author
author_11964,Yaoyao Liu,author
author_11991,Sirui Xie,author
author_11992,Diederik P Kingma,author
author_11993,Ying Nian Wu,author
author_11994,Kevin Patrick Murphy,author
author_11995,Tim Salimans,author
author_11996,Ruiqi Gao,author
author_11997,Boris Knyazev,author
author_12006,Rui Qian,author
author_12043,Roy Miles,author
author_12044,Pradyumna Reddy,author
author_12045,Ismail Elezi,author
author_12106,Benyou Wang,author
author_12159,Abhinav Moudgil,author
author_12246,Lin Chen,author
author_12311,Joongwon Kim,author
author_12312,Bhargavi Paranjape,author
author_12333,Haoran You,author
author_12340,Yingyan Celine Lin,author
author_12358,Aman Chadha,author
author_12359,Mark Weber,author
author_12385,Peiye Zhuang,author
author_12433,Ziyang Luo,author
author_12457,Chris Yuhao Liu,author
author_12458,Yaxuan Wang,author
author_12459,Jeffrey Flanigan,author
author_12460,Dmitry Nechaev,author
author_12461,Alexey Pchelnikov,author
author_12462,Ekaterina Ivanova,author
author_12519,Yucheng Han,author
author_12520,Juntao Hu,author
author_12549,Jingwei Zuo,author
author_12555,Arie Kaufman,author
author_12666,Hanxin Zhu,author
author_12778,Da Yin,author
author_12811,Samyadeep Basu,author
author_12850,Thomas Hartvigsen,author
author_12914,Vivek Sharma,author
author_12936,Jie Liu,author
author_13073,Jungwoo Kim,author
author_13074,Minsang Kim,author
author_13075,Sungjin Lee,author
author_13170,Huayang Li,author
author_13171,Tingchen Fu,author
author_13172,Siheng Li,author
author_13173,Shuaiyi Li,author
author_13174,Bowen Cao,author
author_13175,Xinting Huang,author
author_13176,Leyang Cui,author
author_13177,Lemao Liu,author
author_13178,Taro Watanabe,author
author_13205,Yaoyang Liu,author
author_13206,Shaofeng Zhang,author
author_13232,Cunchen Hu,author
author_13233,Heyang Huang,author
author_13234,Junhao Hu,author
author_13235,Jiang Xu,author
author_13236,Xusheng Chen,author
author_13237,Chenxi Wang,author
author_13238,Sa Wang,author
author_13239,Yungang Bao,author
author_13240,Ninghui Sun,author
author_13241,Yizhou Shan,author
author_13319,Xidong Wang,author
author_13374,Ziyu Wan,author
author_13375,Muning Wen,author
author_13376,Stephen Marcus McAleer,author
author_13377,Ying Wen,author
author_13470,Zixiang Zhang,author
author_13471,Chenlin Meng,author
author_13506,Yichao Cao,author
author_13508,Xiu Su,author
author_13619,Jungho Lee,author
author_13620,Donghyeong Kim,author
author_13621,Dogyoon Lee,author
author_13622,Suhwan Cho,author
author_13623,Minhyeok Lee,author
author_13624,Sangyoun Lee,author
author_13740,Pujiang He,author
author_13741,Shan Zhou,author
author_13742,Wenhuan Huang,author
author_13743,Changqing Li,author
author_13744,Duyi Wang,author
author_13745,Bin Guo,author
author_13746,Chen Meng,author
author_13747,Sheng Gui,author
author_13748,Weifei Yu,author
author_13749,Yi Xie,author
author_13805,Yuzhe Yang,author
author_13807,Elias Lumer,author
author_13808,Vamse Kumar Subbiah,author
author_13809,James A. Burke,author
author_13810,Pradeep Honaganahalli Basavaraju,author
author_13811,Austin Huber,author
author_13886,Yifan Song,author
author_13898,Kutay Bölat,author
author_13899,Simon Tindemans,author
author_13933,Chengguang Gan,author
author_13934,Sunbowen Lee,author
author_13935,Qingyu Yin,author
author_13936,Xinyang He,author
author_13937,Hanjun Wei,author
author_13938,Yunhao Liang,author
author_13939,Younghun Lim,author
author_13940,Shijian Wang,author
author_13941,Hexiang Huang,author
author_13942,Qinghao Zhang,author
author_13943,Shiwen Ni,author
author_13944,Tatsunori Mori,author
author_13972,Pengxiang Li,author
author_13973,Zhi Gao,author
author_13974,Bofei Zhang,author
author_13975,Tao Yuan,author
author_13976,Yuwei Wu,author
author_13977,Mehrtash Harandi,author
author_13978,Yunde Jia,author
author_13979,Yifan Gong,author
author_13980,Zheng Zhan,author
author_13981,Andrey Zharkov,author
author_14005,Shengkang Wang,author
author_14006,Hongzhan Lin,author
author_14007,Zhen Ye,author
author_14016,Sangmin Choi,author
author_14017,Ratindranath Akhoury,author
author_14023,Jiaming Zhou,author
author_14024,Abbas Ghaddar,author
author_14025,Liheng Ma,author
author_14026,Yaochen Hu,author
author_14027,Soumyasundar Pal,author
author_14028,Mark Coates,author
author_14029,Yingxue Zhang,author
author_14086,Damien Sileo,author
author_14117,Julian D. Parker,author
author_14118,Zack Zukowski,author
author_14197,Xiang Chen,author
author_14202,Jannik Brinkmann,author
author_14207,Can Rager,author
author_14216,Shurjo Banerjee,author
author_14217,Jesse Thomason,author
author_14218,Jason J. Corso,author
author_14225,Yonggan Fu,author
author_14226,Zhifan Ye,author
author_14227,Shunyao Zhang,author
author_14232,Robert Mahari,author
author_14233,Ariel Lee,author
author_14234,Campbell Lund,author
author_14235,Hamidah Oderinwale,author
author_14236,William Brannon,author
author_14237,Nayan Saxena,author
author_14238,Naana Obeng-Marnu,author
author_14239,Tobin South,author
author_14240,Cole Hunter,author
author_14241,Christopher Klamm,author
author_14242,Manuel Cherep,author
author_14243,Ahmad Anis,author
author_14244,An Dinh,author
author_14245,Caroline Chitongo,author
author_14246,Diganta Misra,author
author_14247,Emad Alghamdi,author
author_14248,Kush Tiwary,author
author_14249,Lester Miranda,author
author_14250,Minnie Liang,author
author_14251,Mohammed Hamdy,author
author_14252,Shrestha Mohanty,author
author_14253,Vipul Gupta,author
author_14254,Xuhui Zhou,author
author_14255,Luis Villa,author
author_14256,Hanlin Li,author
author_14257,Jad Kabbara,author
author_14258,Sandy Pentland,author
author_14280,Yifan Chen,author
author_14281,Gongye Liu,author
author_14282,Fei Yin,author
author_14323,Shaoting Zhu,author
author_14324,Derun Li,author
author_14325,Linzhan Mou,author
author_14326,Ningyi Xu,author
author_14327,Hang Zhao,author
author_14336,Suhang Wang,author
author_14340,Lemeng Wu,author
author_14346,Pingzhi Li,author
author_14347,Jiaxiang Li,author
author_14348,Yimeng Zhang,author
author_14349,Wenqing Zheng,author
author_14350,Pin-Yu Chen,author
author_14351,Wotao Yin,author
author_14352,Mingyi Hong,author
author_14353,Tianlong Chen,author
author_14365,Xiaobiao Du,author
author_14366,Haiyang Sun,author
author_14367,Ming Lu,author
author_14368,Tianqing Zhu,author
author_14371,Maojun Sun,author
author_14372,Ruijian Han,author
author_14373,Binyan Jiang,author
author_14374,Houduo Qi,author
author_14375,Defeng Sun,author
author_14376,Yancheng Yuan,author
author_14377,Jian Huang,author
author_14408,Harsh Trivedi,author
author_14409,Mareike Hartmann,author
author_14410,Ruskin Manku,author
author_14411,Vinty Dong,author
author_14412,Edward Li,author
author_14413,Shashank Gupta,author
author_14414,Ashish Sabharwal,author
author_14415,Niranjan Balasubramanian,author
author_14472,Xiang Liu,author
author_14476,Mengdi Li,author
author_14477,Cornelius Weber,author
author_14478,Penglei Sun,author
author_14479,Yaoxian Song,author
author_14480,Xiaofei Yang,author
author_14481,Qiang Wang,author
author_14482,Tiefeng Li,author
author_14483,Xiaowen Chu,author
author_14531,Benjamin Clavié,author
author_14547,Wenjun Zeng,author
author_14548,Yuchi Liu,author
author_14549,Ryan Mullins,author
author_14550,Ludovic Peran,author
author_14551,Joe Fernandez,author
author_14552,Hamza Harkous,author
author_14553,Karthik Narasimhan,author
author_14554,Drew Proud,author
author_14555,Piyush Kumar,author
author_14556,Bhaktipriya Radharapu,author
author_14557,Olivia Sturman,author
author_14558,Oscar Wahltinez,author
author_14583,Yuki Arase,author
author_14584,Junichi Tsujii,author
author_14617,Wenhao Li,author
author_14646,Adam Karvonen,author
author_14647,Benjamin Wright,author
author_14648,Rico Angell,author
author_14649,Logan Smith,author
author_14650,Claudio Mayrink Verdun,author
author_14673,Yulei Qin,author
author_14674,Yuncheng Yang,author
author_14675,Pengcheng Guo,author
author_14676,Hang Shao,author
author_14677,Yuchen Shi,author
author_14678,Zihan Xu,author
author_14679,Yun Gu,author
author_14697,Hyeonwoo Noh,author
author_14698,Taehoon Kim,author
author_14699,Bohyung Han,author
author_14707,Ciara Rowles,author
author_14708,Shimon Vainer,author
author_14709,Dante De Nigris,author
author_14710,Slava Elizarov,author
author_14711,Konstantin Kutsy,author
author_14712,Simon Donné,author
author_14718,Jiaxi Yang,author
author_14728,Feng Zhang,author
author_14799,Hugo Blanc,author
author_14800,Jean-Emmanuel Deschaud,author
author_14801,Alexis Paljic,author
author_14844,Haider Al-Tahan,author
author_14845,Randall Balestriero,author
author_14846,Diane Bouchacourt,author
author_14847,Caner Hazirbas,author
author_14968,Shachar Don-Yehiya,author
author_14969,Omri Abend,author
author_15121,Ryan Teknium,author
author_15122,Jeffrey Quesnelle,author
author_15123,Chen Guang,author
author_15207,Pratyush Kumar,author
author_15208,Kuber Vijaykumar Bellad,author
author_15209,Bharat Vadlamudi,author
author_15247,Xi Lin,author
author_15248,Mingkai Zheng,author
author_15249,Yi Chen,author
author_15272,Maksim Velikanov,author
author_15273,Dhia Eddine Rhaiem,author
author_15274,Ilyas Chahed,author
author_15275,Guillaume Kunsch,author
author_15276,Hakim Hacid,author
author_15328,Lean Wang,author
author_15349,Eric Z. Chen,author
author_15350,Xiao Chen,author
author_15351,Yikang Liu,author
author_15352,Terrence Chen,author
author_15353,Shanhui Sun,author
author_15461,Massimo Quadrana,author
author_15462,Marta Reznakova,author
author_15463,Erik Schmidt,author
author_15464,Hossein Vahabi,author
author_15469,Anni Tang,author
author_15530,Jim Albert,author
author_15531,Mine Cetinkaya-Rundel,author
author_15532,Jingchen Hu,author
author_15545,Jiaming Shen,author
author_15593,Kelong Mao,author
author_15596,Hongchen Luo,author
author_15597,Wei Zhai,author
author_15609,Taku Komura,author
author_15642,Ilya Gusev,author
author_15658,Guizhen Chen,author
author_15659,Luu Anh Tuan,author
author_15663,Hongyang Lin,author
author_15664,Kaichun Qiao,author
author_15665,Zijun Zhao,author
author_15666,Jun Saito,author
author_15674,Hanyu Jiang,author
author_15675,Jian Xue,author
author_15676,Xing Lan,author
author_15677,Guohong Hu,author
author_15678,Ke Lu,author
author_15719,Yi Luo,author
author_15742,Meng Chen,author
author_15781,Rosario Scalise,author
author_15782,Mateo Guaman Castro,author
author_15809,Xingkui Zhu,author
author_15810,Yiran Guan,author
author_15811,Yuchao Chen,author
author_15812,Yuliang Liu,author
author_15832,Xiang Zhang,author
author_15886,Winston Hu,author
author_16030,Zekun Moore Wang,author
author_16036,Taishi Katsuragawa,author
author_16037,Shin'ichi Nojiri,author
author_16038,Sergei D. Odintsov,author
author_16062,Siyi Gu,author
author_16063,Bo Pan,author
author_16064,Guangji Bai,author
author_16065,Meikang Qiu,author
author_16160,Hui En Pang,author
author_16161,Tianwei Zhang,author
author_16165,Terence Parr,author
author_16166,Jeremy Howard,author
author_16232,Qi Wu,author
author_16255,Yuling Shi,author
author_16256,Songsong Wang,author
author_16257,Chengcheng Wan,author
author_16259,Andrea Burns,author
author_16298,Jeremy Bernstein,author
author_16299,Laker Newhouse,author
author_16301,Zhicheng Sun,author
author_16305,Yadong Mu,author
author_16441,V. Gudkov,author
author_16442,V. Montealegre,author
author_16498,Baber Khalid,author
author_16499,Malihe Alikhani,author
author_16500,Michael Fellner,author
author_16501,Brian McMahan,author
author_16502,Matthew Stone,author
author_16569,Rohit Bharadwaj,author
author_16570,Hanan Gani,author
author_16574,Yang Jin,author
author_16575,Ningyuan Li,author
author_16576,Kun Xu,author
author_16577,Nan Zhuang,author
author_16578,Quzhe Huang,author
author_16579,Yang Song,author
author_16580,Zhouchen Lin,author
author_16588,Hanrong Ye,author
author_16589,Zongyu Lin,author
author_16590,Haoxuan You,author
author_16594,Yi Liang,author
author_16682,Yi Bin,author
author_16794,Zhiyu Chen,author
author_16795,Xinlu Zhang,author
author_16796,Jing Qian,author
author_16797,Yi Mao,author
author_16849,Guorui Zheng,author
author_16850,Juhao Liang,author
author_16851,Yuping Zheng,author
author_16933,Niels Horn,author
author_16941,Fatemeh Haji,author
author_16942,Mazal Bethany,author
author_16943,Maryam Tabar,author
author_16944,Jason Chiang,author
author_16945,Anthony Rios,author
author_16946,Peyman Najafirad,author
author_17044,Junpeng Liu,author
author_17045,Tianyue Ou,author
author_17046,Yuxiao Qu,author
author_17052,Shawn Wang,author
author_17098,Haoran Hao,author
author_17099,Changsheng Li,author
author_17100,Yu-Feng Li,author
author_17130,Jiawen Zhang,author
author_17131,Kejia Chen,author
author_17132,Zunlei Feng,author
author_17133,Jian Lou,author
author_17134,Mingli Song,author
author_17135,Xiaohu Yang,author
author_17139,Yan Hu,author
author_17140,Yilin Guo,author
author_17141,Ruoli Gan,author
author_17142,Yueru He,author
author_17143,Mingcong Lei,author
author_17144,Xiao Zhang,author
author_17145,Haining Wang,author
author_17146,Honghai Yu,author
author_17206,Shuangrui Ding,author
author_17209,Minhua Lin,author
author_17210,Enyan Dai,author
author_17211,Junjie Xu,author
author_17212,Jinyuan Jia,author
author_17213,Chengqi Duan,author
author_17301,Anirudhan Badrinath,author
author_17302,Prabhat Agarwal,author
author_17303,Jiajing Xu,author
author_17304,Yunyang Xiong,author
author_17305,Changsheng Zhao,author
author_17306,Balakrishnan Varadarajan,author
author_17307,Hyunwoo J. Kim,author
author_17308,Bilge Soran,author
author_17348,Ljupco Kocarev,author
author_17349,Jasna Koteska,author
author_17475,Alexey Dontsov,author
author_17476,Dmitrii Korzh,author
author_17477,Alexey Zhavoronkin,author
author_17478,Boris Mikheev,author
author_17479,Denis Bobkov,author
author_17480,Oleg Y. Rogov,author
author_17481,Elena Tutubalina,author
author_17541,Yanhong Li,author
author_17552,Boran Zhang,author
author_17553,Muhan Xu,author
author_17554,Zhijun Pan,author
author_17562,Tuan Duc Ngo,author
author_17563,Evangelos Kalogerakis,author
author_17580,Nedim Lipka,author
author_17582,Alec J. Linot,author
author_17583,Peter J. Schmid,author
author_17584,Kunihiko Taira,author
author_17593,Bin Hu,author
author_17595,Jie Jiang,author
author_17605,Reuben Luera,author
author_17606,Alexa Siu,author
author_17607,Hanieh Salehy,author
author_17652,Xingwu Sun,author
author_17653,Yanfeng Chen,author
author_17654,Yiqing Huang,author
author_17655,Jiaqi Zhu,author
author_17656,Shuaipeng Li,author
author_17657,Jonny Han,author
author_17658,Xiaobo Shu,author
author_17659,Jiahao Bu,author
author_17660,Zhongzhi Chen,author
author_17661,Xuemeng Huang,author
author_17662,Fengzong Lian,author
author_17663,Saiyong Yang,author
author_17664,Jianfeng Yan,author
author_17665,Yuyuan Zeng,author
author_17666,Xiaoqin Ren,author
author_17667,Chao Yu,author
author_17668,Lulu Wu,author
author_17669,Yue Mao,author
author_17670,Jun Xia,author
author_17671,Tao Yang,author
author_17672,Suncong Zheng,author
author_17673,Kan Wu,author
author_17674,Dian Jiao,author
author_17675,Jinbao Xue,author
author_17676,Xipeng Zhang,author
author_17677,Dengpeng Wu,author
author_17678,Guanghui Xu,author
author_17679,Shaohua Chen,author
author_17680,Shuang Chen,author
author_17681,Xiao Feng,author
author_17682,Yigeng Hong,author
author_17683,Junqiang Zheng,author
author_17684,Chengcheng Xu,author
author_17685,Zongwei Li,author
author_17686,Xiong Kuang,author
author_17687,Jianglu Hu,author
author_17688,Yiqi Chen,author
author_17689,Yuchi Deng,author
author_17690,Guiyang Li,author
author_17691,Ao Liu,author
author_17692,Shihui Hu,author
author_17693,Zilong Zhao,author
author_17694,Zifan Wu,author
author_17695,Yao Ding,author
author_17696,Weichao Wang,author
author_17697,Han Liu,author
author_17698,Roberts Wang,author
author_17699,Hao Fei,author
author_17700,Peijie Yu,author
author_17701,Ze Zhao,author
author_17702,Fusheng Xiang,author
author_17703,Mengyuan Huang,author
author_17704,Zhiyuan Xiong,author
author_17705,Xuebin Hou,author
author_17706,Lei Jiang,author
author_17707,Jianqiang Ma,author
author_17708,Jiajia Wu,author
author_17709,Yaping Deng,author
author_17710,Yi Shen,author
author_17711,Weijie Liu,author
author_17712,Liang Dong,author
author_17713,Weiwen Jia,author
author_17714,Hu Chen,author
author_17715,Feifei Liu,author
author_17716,Rui Yuan,author
author_17717,Huilin Xu,author
author_17718,Zhenxiang Yan,author
author_17719,Tengfei Cao,author
author_17720,Zhichao Hu,author
author_17721,Xinhua Feng,author
author_17722,Dong Du,author
author_17723,Tinghao Yu,author
author_17724,Yangyu Tao,author
author_17725,Chengzhong Xu,author
author_17726,Chong Zha,author
author_17727,Wen Ouyang,author
author_17728,Yinben Xia,author
author_17729,Zekun He,author
author_17730,Rongpeng Chen,author
author_17731,Jiawei Song,author
author_17732,Ruibin Chen,author
author_17733,Fan Jiang,author
author_17734,Chongqing Zhao,author
author_17735,Hao Gong,author
author_17736,Rong Gan,author
author_17737,Yuhong Liu,author
author_17875,Xiaojun Wu,author
author_17876,Junxi Liu,author
author_17877,Huanyi Su,author
author_17878,Zhouchi Lin,author
author_17879,Yiyan Qi,author
author_17880,Chengjin Xu,author
author_17881,Jiajun Su,author
author_17882,Jiajie Zhong,author
author_17883,Fuwei Wang,author
author_17884,Saizhuo Wang,author
author_17885,Fengrui Hua,author
author_17886,Jian Guo,author
author_17891,Lingxiao Lu,author
author_17892,Jiangtong Li,author
author_17936,Yushi Yang,author
author_17937,Filip Sondej,author
author_17938,Harry Mayne,author
author_17953,Rahul Ravishankar,author
author_17954,Zeeshan Patel,author
author_17974,Zi-Yi Dou,author
author_17975,Xitong Yang,author
author_17976,Tushar Nagarajan,author
author_17977,Huiyu Wang,author
author_17978,Jing Huang,author
author_17979,Fu-Jen Chu,author
author_18018,Siyuan Hu,author
author_18019,Mingyu Ouyang,author
author_18077,M. Arda Aydın,author
author_18078,Efe Mert Çırpar,author
author_18079,Elvin Abdinli,author
author_18080,Gozde Unal,author
author_18081,Yusuf H. Sahin,author
author_18169,Gabriel Chua,author
author_18170,Shing Yee Chan,author
author_18171,Shaun Khoo,author
author_18186,Daeun Lee,author
author_18187,Jaehong Yoon,author
author_18263,Leonardo Impett,author
author_18264,Fabian Offert,author
author_18356,Xu Ouyang,author
author_18392,Zeshi Yang,author
author_18393,Zhiqi Yin,author
author_18456,Isma Hadji,author
author_18457,Hai X. Pham,author
author_18458,Brais Martinez,author
author_18515,Chong Zhou,author
author_18516,Saksham Suri,author
author_18517,Ramya Akula,author
author_18521,Zilun Zhang,author
author_18522,Farzad Khalvati,author
