Source,Target
paper_11,organization_17
paper_11,organization_18
paper_72,organization_119
paper_72,organization_120
paper_72,organization_72
paper_73,organization_23
paper_73,organization_121
paper_73,organization_122
paper_75,organization_76
paper_89,organization_145
paper_92,organization_150
paper_92,organization_151
paper_100,organization_156
paper_100,organization_108
paper_100,organization_162
paper_117,organization_194
paper_117,organization_15
paper_202,organization_292
paper_202,organization_293
paper_253,organization_347
paper_253,organization_348
paper_253,organization_349
paper_253,organization_273
paper_253,organization_350
paper_262,organization_364
paper_302,organization_206
paper_302,organization_15
paper_324,organization_433
paper_324,organization_434
paper_324,organization_435
paper_324,organization_196
paper_324,organization_344
paper_324,organization_345
paper_346,organization_434
paper_346,organization_313
paper_368,organization_9
paper_368,organization_15
paper_368,organization_125
paper_376,organization_479
paper_389,organization_435
paper_389,organization_495
paper_389,organization_496
paper_428,organization_193
paper_428,organization_15
paper_440,organization_156
paper_440,organization_41
paper_457,organization_15
paper_457,organization_36
paper_496,organization_27
paper_496,organization_617
paper_498,organization_62
paper_498,organization_618
paper_498,organization_451
paper_503,organization_107
paper_503,organization_610
paper_537,organization_300
paper_537,organization_64
paper_553,organization_681
paper_553,organization_124
paper_556,organization_250
paper_561,organization_63
paper_575,organization_15
paper_583,organization_48
paper_590,organization_206
paper_594,organization_731
paper_594,organization_732
paper_594,organization_733
paper_594,organization_734
paper_597,organization_465
paper_597,organization_645
paper_597,organization_200
paper_597,organization_738
paper_633,organization_768
paper_633,organization_130
paper_649,organization_793
paper_656,organization_802
paper_656,organization_594
paper_656,organization_299
paper_656,organization_220
paper_656,organization_803
paper_669,organization_51
paper_669,organization_811
paper_698,organization_50
paper_698,organization_156
paper_698,organization_135
paper_716,organization_124
paper_743,organization_876
paper_743,organization_117
paper_744,organization_877
paper_744,organization_878
paper_744,organization_879
paper_756,organization_621
paper_756,organization_52
paper_756,organization_64
paper_762,organization_119
paper_762,organization_895
paper_762,organization_896
paper_766,organization_10
paper_799,organization_119
paper_807,organization_584
paper_843,organization_621
paper_862,organization_226
paper_912,organization_1053
paper_916,organization_1055
paper_916,organization_1056
paper_917,organization_1057
paper_917,organization_221
paper_923,organization_1060
paper_923,organization_313
paper_971,organization_30
paper_971,organization_87
paper_971,organization_716
paper_981,organization_11
paper_996,organization_157
paper_996,organization_263
paper_999,organization_48
paper_999,organization_36
paper_1034,organization_1152
paper_1034,organization_194
paper_1034,organization_890
paper_1042,organization_26
paper_1042,organization_451
paper_1042,organization_532
paper_1042,organization_1158
paper_1051,organization_154
paper_1051,organization_46
paper_1051,organization_151
paper_1051,organization_28
paper_1051,organization_226
paper_1051,organization_451
paper_1066,organization_876
paper_1066,organization_763
paper_1066,organization_28
paper_1066,organization_1175
paper_1066,organization_186
paper_1066,organization_739
paper_1077,organization_6
paper_1077,organization_1183
paper_1077,organization_14
paper_1077,organization_122
paper_1087,organization_186
paper_1087,organization_532
paper_1133,organization_15
paper_1133,organization_36
paper_1143,organization_1234
paper_1143,organization_451
paper_1143,organization_551
paper_1146,organization_15
paper_1163,organization_156
paper_1163,organization_312
paper_1163,organization_14
paper_1163,organization_108
paper_1231,organization_26
paper_1231,organization_64
paper_1256,organization_1328
paper_1256,organization_656
paper_1256,organization_551
paper_1268,organization_443
paper_1268,organization_1342
paper_1268,organization_1343
paper_1268,organization_288
paper_1268,organization_226
paper_1268,organization_967
paper_1275,organization_1058
paper_1275,organization_599
paper_1275,organization_118
paper_1283,organization_123
paper_1283,organization_47
paper_1283,organization_890
paper_1283,organization_26
paper_1283,organization_226
paper_1283,organization_11
paper_1283,organization_124
paper_1305,organization_107
paper_1305,organization_15
paper_1314,organization_108
paper_1314,organization_1383
paper_1336,organization_151
paper_1336,organization_48
paper_1336,organization_28
paper_1336,organization_185
paper_1336,organization_186
paper_1341,organization_1401
paper_1376,organization_1374
paper_1376,organization_1425
paper_1376,organization_1426
paper_1376,organization_1427
paper_1376,organization_1428
paper_1376,organization_1384
paper_1406,organization_156
paper_1406,organization_55
paper_1412,organization_623
paper_1412,organization_15
paper_1434,organization_156
paper_1434,organization_135
paper_1460,organization_1501
paper_1462,organization_1502
paper_1462,organization_1503
paper_1470,organization_1505
paper_1470,organization_1506
paper_1470,organization_1507
paper_1470,organization_1508
paper_1470,organization_50
paper_1470,organization_1509
paper_1476,organization_1040
paper_1476,organization_497
paper_1483,organization_250
paper_1483,organization_120
paper_1483,organization_15
paper_1484,organization_27
paper_1484,organization_275
paper_1484,organization_1533
paper_1484,organization_1104
paper_1492,organization_151
paper_1508,organization_1546
paper_1508,organization_116
paper_1524,organization_35
paper_1524,organization_1554
paper_1525,organization_335
paper_1586,organization_180
paper_1586,organization_91
paper_1592,organization_50
paper_1592,organization_156
paper_1592,organization_15
paper_1608,organization_50
paper_1628,organization_36
paper_1648,organization_263
paper_1664,organization_1644
paper_1664,organization_116
paper_1682,organization_156
paper_1682,organization_108
paper_1684,organization_26
paper_1684,organization_447
paper_1710,organization_1686
paper_1710,organization_1687
paper_1710,organization_1688
paper_1710,organization_1689
paper_1710,organization_1690
paper_1740,organization_35
paper_1740,organization_1712
paper_1740,organization_50
paper_1740,organization_120
paper_1740,organization_1713
paper_1761,organization_1741
paper_1761,organization_1742
paper_1762,organization_96
paper_1762,organization_1743
paper_1762,organization_127
paper_1785,organization_1756
paper_1785,organization_202
paper_1786,organization_50
paper_1804,organization_1765
paper_1804,organization_1766
paper_1839,organization_135
paper_1839,organization_1134
paper_1839,organization_213
paper_1839,organization_1788
paper_1839,organization_156
paper_1841,organization_48
paper_1841,organization_471
paper_1859,organization_1817
paper_1859,organization_1818
paper_1866,organization_1302
paper_1893,organization_11
paper_1897,organization_1820
paper_1897,organization_910
paper_1897,organization_1821
paper_1897,organization_1384
paper_1897,organization_678
paper_1900,organization_278
paper_1900,organization_1846
paper_1908,organization_322
paper_1908,organization_1851
paper_1908,organization_326
paper_1951,organization_1896
paper_1951,organization_621
paper_1956,organization_1899
paper_1956,organization_294
paper_1956,organization_1900
paper_1956,organization_1901
paper_1956,organization_358
paper_1956,organization_766
paper_1956,organization_1902
paper_1956,organization_1903
paper_1956,organization_976
paper_1956,organization_470
paper_1956,organization_437
paper_1962,organization_154
paper_1962,organization_63
paper_1996,organization_322
paper_1996,organization_646
paper_1996,organization_1935
paper_2007,organization_1944
paper_2007,organization_1945
paper_2007,organization_1946
paper_2009,organization_278
paper_2009,organization_260
paper_2011,organization_1949
paper_2011,organization_1950
paper_2011,organization_1951
paper_2041,organization_1941
paper_2050,organization_1973
paper_2066,organization_1987
paper_2066,organization_64
paper_2066,organization_745
paper_2066,organization_226
paper_2066,organization_638
paper_2075,organization_116
paper_2075,organization_151
paper_2075,organization_327
paper_2092,organization_2001
paper_2092,organization_46
paper_2092,organization_151
paper_2092,organization_451
paper_2117,organization_1722
paper_2117,organization_26
paper_2117,organization_638
paper_2117,organization_600
paper_2117,organization_2015
paper_2117,organization_451
paper_2147,organization_1663
paper_2147,organization_120
paper_2147,organization_288
paper_2147,organization_354
paper_2147,organization_2037
paper_2155,organization_2043
paper_2155,organization_10
paper_2155,organization_539
paper_2171,organization_2055
paper_2171,organization_987
paper_2171,organization_2056
paper_2171,organization_769
paper_2171,organization_2057
paper_2171,organization_2058
paper_2171,organization_2059
paper_2171,organization_136
paper_2171,organization_117
paper_2171,organization_768
paper_2171,organization_267
paper_2171,organization_668
paper_2171,organization_2060
paper_2171,organization_810
paper_2171,organization_26
paper_2171,organization_2
paper_2171,organization_2061
paper_2171,organization_2062
paper_2171,organization_276
paper_2171,organization_2063
paper_2171,organization_2064
paper_2171,organization_2065
paper_2171,organization_2066
paper_2195,organization_35
paper_2195,organization_9
paper_2195,organization_36
paper_2206,organization_250
paper_2206,organization_212
paper_2206,organization_2090
paper_2215,organization_2103
paper_2215,organization_2104
paper_2215,organization_2105
paper_2219,organization_471
paper_2229,organization_1023
paper_2229,organization_2115
paper_2229,organization_717
paper_2229,organization_2116
paper_2229,organization_221
paper_2229,organization_584
paper_2229,organization_2117
paper_2229,organization_2118
paper_2229,organization_120
paper_2229,organization_72
paper_2229,organization_2119
paper_2229,organization_40
paper_2229,organization_2120
paper_2229,organization_64
paper_2229,organization_2121
paper_2229,organization_835
paper_2229,organization_2122
paper_2229,organization_2123
paper_2229,organization_2124
paper_2229,organization_2125
paper_2229,organization_2126
paper_2229,organization_2127
paper_2229,organization_555
paper_2229,organization_747
paper_2229,organization_2128
paper_2229,organization_2129
paper_2229,organization_2130
paper_2229,organization_1230
paper_2229,organization_877
paper_2229,organization_76
paper_2229,organization_2131
paper_2229,organization_2132
paper_2229,organization_416
paper_2229,organization_15
paper_2229,organization_35
paper_2229,organization_2
paper_2229,organization_2133
paper_2229,organization_2134
paper_2229,organization_2135
paper_2229,organization_2136
paper_2229,organization_2137
paper_2229,organization_299
paper_2229,organization_951
paper_2229,organization_2138
paper_2229,organization_200
paper_2229,organization_2139
paper_2229,organization_275
paper_2229,organization_2140
paper_2229,organization_2141
paper_2234,organization_64
paper_2236,organization_10
paper_2239,organization_2151
paper_2243,organization_2156
paper_2243,organization_2157
paper_2244,organization_2158
paper_2244,organization_2159
paper_2244,organization_63
paper_2249,organization_548
paper_2249,organization_25
paper_2253,organization_2
paper_2253,organization_437
paper_2253,organization_156
paper_2253,organization_299
paper_2275,organization_36
paper_2275,organization_1079
paper_2275,organization_15
paper_2323,organization_445
paper_2323,organization_549
paper_2323,organization_2208
paper_2323,organization_2209
paper_2323,organization_2210
paper_2323,organization_2211
paper_2325,organization_437
paper_2325,organization_2213
paper_2346,organization_2235
paper_2346,organization_136
paper_2346,organization_832
paper_2346,organization_611
paper_2360,organization_27
paper_2360,organization_23
paper_2368,organization_2254
paper_2368,organization_2255
paper_2368,organization_2256
paper_2368,organization_124
paper_2368,organization_322
paper_2368,organization_1382
paper_2368,organization_2257
paper_2373,organization_471
paper_2373,organization_26
paper_2373,organization_213
paper_2373,organization_28
paper_2373,organization_322
paper_2381,organization_565
paper_2381,organization_15
paper_2381,organization_36
paper_2391,organization_561
paper_2393,organization_161
paper_2393,organization_76
paper_2393,organization_194
paper_2420,organization_716
paper_2420,organization_1071
paper_2420,organization_2291
paper_2420,organization_1926
paper_2498,organization_276
paper_2500,organization_2336
paper_2500,organization_2337
paper_2515,organization_646
paper_2528,organization_1009
paper_2528,organization_1478
paper_2528,organization_23
paper_2655,organization_2502
paper_2684,organization_30
paper_2684,organization_46
paper_2684,organization_26
paper_2684,organization_11
paper_2695,organization_11
paper_2695,organization_64
paper_2695,organization_846
paper_2695,organization_28
paper_2695,organization_2046
paper_2763,organization_11
paper_2763,organization_96
paper_2763,organization_2594
paper_2763,organization_35
paper_2840,organization_2642
paper_2878,organization_154
paper_2878,organization_2661
paper_2878,organization_2662
paper_2878,organization_2663
paper_2878,organization_876
paper_2878,organization_2664
paper_2878,organization_117
paper_2878,organization_1052
paper_2878,organization_2665
paper_2885,organization_2667
paper_2885,organization_2668
paper_2885,organization_1602
paper_2885,organization_2669
paper_2885,organization_1298
paper_2886,organization_86
paper_2886,organization_314
paper_2897,organization_1076
paper_2897,organization_601
paper_2897,organization_532
paper_2899,organization_122
paper_2901,organization_2679
paper_2901,organization_495
paper_2901,organization_2680
paper_2901,organization_2681
paper_2919,organization_410
paper_2942,organization_2726
paper_2942,organization_156
paper_2946,organization_9
paper_2946,organization_845
paper_2954,organization_26
paper_2954,organization_322
paper_2954,organization_646
paper_2971,organization_35
paper_2981,organization_44
paper_2981,organization_2745
paper_2981,organization_2746
paper_2992,organization_1009
paper_2992,organization_1032
paper_2992,organization_135
paper_3008,organization_469
paper_3008,organization_2766
paper_3008,organization_1632
paper_3008,organization_2767
paper_3008,organization_2768
paper_3008,organization_2769
paper_3009,organization_154
paper_3009,organization_2770
paper_3009,organization_2771
paper_3009,organization_2772
paper_3029,organization_209
paper_3029,organization_2789
paper_3029,organization_2790
paper_3034,organization_2796
paper_3034,organization_725
paper_3034,organization_2797
paper_3060,organization_86
paper_3060,organization_221
paper_3060,organization_2817
paper_3060,organization_769
paper_3060,organization_1979
paper_3067,organization_28
paper_3067,organization_2822
paper_3073,organization_2824
paper_3073,organization_179
paper_3073,organization_230
paper_3073,organization_2825
paper_3073,organization_640
paper_3079,organization_85
paper_3079,organization_117
paper_3079,organization_116
paper_3090,organization_2841
paper_3090,organization_2842
paper_3090,organization_2843
paper_3106,organization_695
paper_3106,organization_1866
paper_3106,organization_2859
paper_3149,organization_221
paper_3149,organization_610
paper_3149,organization_568
paper_3220,organization_2386
paper_3220,organization_2935
paper_3220,organization_35
paper_3228,organization_1722
paper_3228,organization_361
paper_3228,organization_1052
paper_3228,organization_532
paper_3228,organization_824
paper_3228,organization_1422
paper_3234,organization_2954
paper_3250,organization_2878
paper_3250,organization_2964
paper_3259,organization_2975
paper_3286,organization_3004
paper_3289,organization_28
paper_3289,organization_51
paper_3289,organization_278
paper_3309,organization_3020
paper_3309,organization_3021
paper_3309,organization_3022
paper_3309,organization_398
paper_3309,organization_3023
paper_3309,organization_3024
paper_3309,organization_3025
paper_3326,organization_52
paper_3326,organization_918
paper_3328,organization_1157
paper_3328,organization_278
paper_3328,organization_443
paper_3346,organization_387
paper_3346,organization_226
paper_3346,organization_116
paper_3348,organization_3052
paper_3348,organization_2177
paper_3348,organization_3053
paper_3348,organization_551
paper_3348,organization_62
paper_3350,organization_117
paper_3367,organization_124
paper_3367,organization_26
paper_3389,organization_48
paper_3389,organization_156
paper_3389,organization_36
paper_3397,organization_743
paper_3448,organization_3131
paper_3448,organization_3132
paper_3448,organization_3133
paper_3448,organization_3134
paper_3448,organization_3135
paper_3448,organization_3136
paper_3453,organization_48
paper_3453,organization_155
paper_3453,organization_3138
paper_3457,organization_682
paper_3457,organization_3141
paper_3457,organization_35
paper_3480,organization_759
paper_3480,organization_3157
paper_3480,organization_3158
paper_3480,organization_3159
paper_3481,organization_451
paper_3481,organization_226
paper_3481,organization_260
paper_3484,organization_3162
paper_3484,organization_3163
paper_3511,organization_27
paper_3511,organization_35
paper_3516,organization_28
paper_3516,organization_738
paper_3516,organization_763
paper_3517,organization_1071
paper_3517,organization_40
paper_3517,organization_36
paper_3519,organization_104
paper_3532,organization_3196
paper_3532,organization_107
paper_3581,organization_1765
paper_3595,organization_3257
paper_3595,organization_3258
paper_3610,organization_678
paper_3610,organization_3261
paper_3610,organization_910
paper_3613,organization_11
paper_3613,organization_494
paper_3613,organization_601
paper_3616,organization_565
paper_3616,organization_322
paper_3616,organization_119
paper_3618,organization_682
paper_3618,organization_15
paper_3664,organization_124
paper_3664,organization_12
paper_3692,organization_10
paper_3692,organization_124
paper_3692,organization_810
paper_3692,organization_3328
paper_3713,organization_3342
paper_3713,organization_46
paper_3713,organization_683
paper_3742,organization_336
paper_3746,organization_3367
paper_3746,organization_3368
paper_3746,organization_3369
paper_3754,organization_48
paper_3754,organization_46
paper_3754,organization_11
paper_3754,organization_194
paper_3757,organization_3316
paper_3757,organization_26
paper_3757,organization_448
paper_3757,organization_1617
paper_3757,organization_322
paper_3765,organization_46
paper_3765,organization_1193
paper_3765,organization_438
paper_3773,organization_3396
paper_3773,organization_3093
paper_3776,organization_46
paper_3776,organization_327
paper_3776,organization_3057
paper_3792,organization_46
paper_3792,organization_186
paper_3794,organization_911
paper_3794,organization_2772
paper_3795,organization_3417
paper_3795,organization_3418
paper_3795,organization_1439
paper_3795,organization_1158
paper_3795,organization_451
paper_3822,organization_3435
paper_3823,organization_3436
paper_3823,organization_41
paper_3823,organization_364
paper_3843,organization_3447
paper_3843,organization_3448
paper_3891,organization_3489
paper_3891,organization_1576
paper_3891,organization_692
paper_3891,organization_691
paper_3891,organization_2492
paper_3891,organization_3490
paper_3914,organization_524
paper_3914,organization_12
paper_3920,organization_3504
paper_3920,organization_3505
paper_3920,organization_1549
paper_3924,organization_3512
paper_3924,organization_1023
paper_3924,organization_3513
paper_3930,organization_3436
paper_3930,organization_265
paper_3936,organization_23
paper_3936,organization_3522
paper_3936,organization_470
paper_3936,organization_194
paper_3950,organization_646
paper_4002,organization_3563
paper_4002,organization_327
paper_4002,organization_63
paper_4002,organization_1282
paper_4002,organization_1214
paper_4004,organization_3564
paper_4013,organization_120
paper_4013,organization_1485
paper_4021,organization_14
paper_4025,organization_1416
paper_4025,organization_565
paper_4040,organization_64
paper_4056,organization_23
paper_4056,organization_965
paper_4061,organization_2185
paper_4061,organization_1470
paper_4061,organization_533
paper_4061,organization_112
paper_4093,organization_64
paper_4093,organization_3613
paper_4099,organization_974
paper_4113,organization_810
paper_4113,organization_3626
paper_4133,organization_306
paper_4133,organization_2562
paper_4145,organization_242
paper_4169,organization_761
paper_4169,organization_3647
paper_4169,organization_8
paper_4190,organization_41
paper_4190,organization_226
paper_4193,organization_3665
paper_4193,organization_3666
paper_4193,organization_3667
paper_4193,organization_3668
paper_4193,organization_3669
paper_4193,organization_25
